,name,state,lat,lon,commissioning_year,primary_fuel,capacity,generation,fuel_consumption,emissions,rep_fuel,metric,em_red,cum_red,cum_red_prev,ori_rep,cum_emission
460,Greenwood (MI),MI,43.1056,-82.6964,1979,Gas_SC,1070,1025811000.0,10833548.402,642438.498,Gas,-194.4788165895511,292396.7081268154,0.0002923967081268154,0.0,Gas_SC→Gas,642438.498
743,Camden Plant Holdings LLC,NJ,39.9175,-75.1192,1993,Gas_CC,172,119443000.0,1073546.751,63797.797,Gas,-190.92342744169,23039.76115536313,0.0003154364692821785,0.0002923967081268154,Gas_CC→Gas,706236.295
512,Dansby,TX,30.7217,-96.4608,1978,Gas_SC,203,184525000.0,2087481.998,124061.837,Gas,-181.49704207570844,61095.59733562772,0.0003765320666178062,0.0003154364692821785,Gas_SC→Gas,830298.132
809,Carr Street Generating Station,NY,43.06132,-76.08239,1993,Gas_CC,121,73459000.0,937994.117,55745.064,Gas,-180.82003942009683,30678.341336376514,0.0004072104079541827,0.0003765320666178062,Gas_CC→Gas,886043.196
511,Empire Energy Center,MO,37.1385,-94.1041,1978,Gas_SC,378,249804000.0,3304106.258,197016.755,Gas,-180.3707030086747,111775.08837965668,0.0005189854963338394,0.0004072104079541827,Gas_SC→Gas,1083059.951
205,J B Sims,MI,43.0706,-86.235,1983,Coal,80,38619000.0,356919.835,36621.025,Gas,-179.41149252887104,23442.901658456074,0.0005424283979922954,0.0005189854963338394,Coal→Gas,1119680.9759999998
782,Frontier,OK,35.439722,-97.625,1989,Gas_CC,131,224609000.0,1829087.25,90563.621,Gas,-176.25123254528904,13919.349899742621,0.0005563477478920381,0.0005424283979922954,Gas_CC→Gas,1210244.5969999998
718,Greenleaf 2 Power Plant,CA,39.1365,-121.6397,1989,Gas_SC,49,63901000.0,647270.177,38468.761,Gas,-171.26509215570434,16663.554763484335,0.0005730113026555224,0.0005563477478920381,Gas_SC→Gas,1248713.3579999998
447,Barney M Davis,TX,27.6064,-97.3117,1974,Gas_CC,1081,1335596000.0,10299947.489,612109.759,Gas,-156.4902200770573,156358.73431078735,0.0007293700369663097,0.0005730113026555223,Gas_CC→Gas,1860823.1169999996
551,Hay Road,DE,39.7436,-75.5072,1989,Gas_CC,1193,1209513000.0,14348604.639,852744.125,Gas,-156.21581318493628,440016.9312041788,0.0011693869681704886,0.0007293700369663097,Gas_CC→Gas,2713567.2419999996
863,Milford Power LP,MA,42.129361,-71.511496,1993,Gas_CC,248,207225000.0,1756061.57,104361.763,Gas,-145.4213130274801,33649.50712979518,0.0012030364753002837,0.0011693869681704886,Gas_CC→Gas,2817929.0049999994
710,Castleton Energy Center,NY,42.5375,-73.7433,1992,Gas_CC,72,81970000.0,739155.058,43928.712,Gas,-123.64472574281149,15957.745110480446,0.001218994220410764,0.0012030364753002837,Gas_CC→Gas,2861857.7169999992
682,Gerald Andrus,MS,33.35,-91.1167,1975,Gas_SC,781,1038230000.0,11519664.597,684678.854,Gas,-121.20141998531768,330399.27667041746,0.0015493934970811816,0.001218994220410764,Gas_SC→Gas,3546536.5709999995
854,NAEA Lakewood LLC,NJ,40.0613,-74.1686,1994,Gas_CC,235,165175000.0,1943860.847,115518.244,Gas,-117.86740032371716,59154.885991260315,0.0016085483830724418,0.0015493934970811816,Gas_CC→Gas,3662054.8149999995
740,Masspower,MA,42.1575,-72.5225,1993,Gas_CC,260,256404000.0,2995553.975,178018.8,Gas,-113.7283429278859,90524.9876986657,0.0016990733707711078,0.0016085483830724418,Gas_CC→Gas,3840073.6149999993
838,Ocean State Power II,RI,42.0099,-71.6701,1991,Gas_CC,252,421685000.0,5073498.176,301591.385,Gas,-93.86083572656638,157698.04386535255,0.0018567714146364603,0.0016990733707711078,Gas_CC→Gas,4141664.999999999
73,Brandon Shores,MD,39.18,-76.5389,1984,Coal,1370,1148597000.0,12187110.157,1250397.931,Gas,-91.22185690697674,858457.3593713373,0.0027152287740077976,0.0018567714146364603,Coal→Gas,5392062.930999999
810,Ocean State Power,RI,42.009722,-71.668909,1990,Gas_CC,252,442546000.0,5175091.072000001,307762.369,Gas,-87.23448385568518,156750.54134245066,0.0028719793153502483,0.0027152287740077976,Gas_CC→Gas,5699825.299999999
759,Paris Energy Center,TX,33.6968,-95.5577,1989,Gas_CC,264,408641000.0,3474746.948,206500.832,Gas,-85.45109971052197,67058.54969305647,0.002939037865043305,0.0028719793153502483,Gas_CC→Gas,5906326.131999999
1079,Green Power 2,TX,29.378097,-94.932773,2003,Gas_CC,861,1322500000.0,48285090.776,2869502.616,Gas,-77.59616290723379,2418220.394316584,0.005357258259359889,0.002939037865043305,Gas_CC→Gas,8775828.748
629,Encogen,WA,48.746,-122.486,1993,Gas_CC,175,258757000.0,3304024.002,196358.765,Gas,-72.75616673824653,108062.02863997304,0.005465320287999862,0.005357258259359889,Gas_CC→Gas,8972187.513
800,Salinas River Cogeneration,CA,35.9515,-120.8679,1991,Gas_SC,38,260005000.0,3338059.135,198378.541,Gas,-70.1095075593087,109655.94436574928,0.005574976232365611,0.005465320287999862,Gas_SC→Gas,9170566.054
813,Nassau Energy Corp,NY,40.7264,-73.5892,1991,Gas_CC,55,141677000.0,1775502.244,105527.713,Gas,-68.92646170917371,57182.676083976316,0.005632158908449587,0.005574976232365611,Gas_CC→Gas,9276093.766999999
713,Bayou Cogen Plant,TX,29.6225,-95.0458,1984,Gas_SC,620,2322614000.0,32623627.833,1890563.488,Gas,-61.9632479308782,1098008.1715289182,0.006730167079978505,0.005632158908449586,Gas_SC→Gas,11166657.254999999
732,Hopewell Cogeneration,VA,37.291667,-77.281111,1990,Gas_CC,399,1501401000.0,17264209.884,1025984.208,Gas,-61.526649797695754,513654.8477597713,0.007243821927738276,0.006730167079978505,Gas_CC→Gas,12192641.463
717,Foster Wheeler Mt Carmel Cogen,PA,40.811189,-76.452951,1990,Coal,47,41791000.0,774489.808,91160.458,Gas,-58.75736678104386,76899.93979480406,0.007320721867533081,0.007243821927738276,Coal→Gas,12283801.921
483,Sooner,OK,36.45307,-97.05279,1979,Coal,2088,2562602000.0,26416800.709,2765181.454,Gas,-58.554666184356186,1890734.0257577577,0.009211455893290837,0.007320721867533081,Coal→Gas,15048983.375
568,Redding Power,CA,40.507292,-122.423281,1989,Gas_CC,180,340140000.0,2737669.894,162700.347,Gas,-58.48509107979383,46632.94822238403,0.009258088841513221,0.009211455893290837,Gas_CC→Gas,15211683.722
693,North Valmy,NV,40.881317,-117.151605,1981,Coal,566,1085346000.0,10399050.569,1090649.724,Gas,-58.27158132286011,720292.5563816945,0.009978381397894916,0.009258088841513221,Coal→Gas,16302333.445999999
1309,Cove Point LNG Terminal,MD,38.385456,-76.409796,1978,Gas_SC,224,1458257000.0,18978570.575,1012755.91,Gas,-55.5717696708603,515148.7578295704,0.010493530155724488,0.009978381397894916,Gas_SC→Gas,17315089.356
679,Anclote,FL,28.184444,-82.788611,1974,Gas_SC,1112,2373107000.0,25707131.313,1527741.288,Gas,-53.60968120087876,717956.0333667551,0.011211486189091242,0.010493530155724488,Gas_SC→Gas,18842830.643999998
575,George Neal South,IA,42.3006,-96.3617,1979,Coal,695,759395000.0,7135139.05,748335.0499999999,Gas,-52.450533937304755,489203.5091793741,0.011700689698270617,0.011211486189091242,Coal→Gas,19591165.694
873,Sweeny Cogen Facility,TX,29.0728,-95.745,1997,Gas_SC,572,3243291000.0,55995276.912,3327820.999,Gas,-52.28083244928697,2221099.208417143,0.01392178890668776,0.011700689698270617,Gas_SC→Gas,22918986.692999996
6,Dolet Hills,LA,32.030556,-93.569167,1986,Coal,720,793116000.0,7632777.63,830981.316,Gas,-50.814256672693574,560343.0169204808,0.01448213192360824,0.01392178890668776,Coal→Gas,23749968.008999996
479,R M Schahfer,IN,41.2164,-87.0261,1976,Coal,2200,3160356000.0,36912136.116,3810973.865,Gas,-49.808345949301454,2732552.3323039594,0.0172146842559122,0.014482131923608239,Coal→Gas,27560941.873999998
446,Thomas C Ferguson,TX,30.558,-98.3705,1974,Gas_CC,1020,2336710000.0,23833676.627,1416400.308,Gas,-49.63983669950375,619034.9543290321,0.017833719210241232,0.0172146842559122,Gas_CC→Gas,28977342.181999996
26,GREC,OK,36.190278,-95.2894,1981,Gas_CC,1734,2615424000.0,17736827.73,1099988.09,Gas,-49.43901750181506,207515.98915756028,0.018041235199398792,0.017833719210241232,Gas_CC→Gas,30077330.271999996
582,Rathdrum,ID,47.80427,-116.867312,1994,Gas_SC,166,164655000.0,1539881.405,91511.305,Gas,-49.1649658503451,35325.38877218687,0.01807656058817098,0.018041235199398792,Gas_SC→Gas,30168841.576999996
485,Big Stone,SD,45.303652,-96.510067,1975,Coal,451,1744633000.0,19793030.226,2075891.345,Gas,-46.68457142887372,1480562.9092629845,0.019557123497433965,0.01807656058817098,Coal→Gas,32244732.921999995
580,Interstate,IL,39.8233,-89.5891,1997,Gas_SC,138,28619000.0,357420.039,21265.749,Gas,-45.980583944358386,11499.967599351468,0.019568623465033314,0.019557123497433965,Gas_SC→Gas,32265998.670999996
843,Sumas Power Plant,WA,48.9905,-122.2733,1993,Gas_CC,124,335873000.0,4194252.959,249258.094,Gas,-39.92832811480665,134646.7415285641,0.019703270206561877,0.019568623465033314,Gas_CC→Gas,32515256.764999997
530,Independence Steam Electric Station,AR,35.678442,-91.408761,1983,Coal,1800,3136187000.0,35188269.116000004,3688666.339,Gas,-37.886330912214085,2618492.0955409096,0.02232176230210279,0.019703270206561877,Coal→Gas,36203923.103999995
469,Nearman Creek,KS,39.1681,-94.6975,1981,Coal,671,1208375000.0,13611277.482,1423278.426,Gas,-37.85083870960125,1010939.5567170526,0.023332701858819842,0.02232176230210279,Coal→Gas,37627201.529999994
837,Birchwood Power,VA,38.2667,-77.3147,1996,Coal,258,99801000.0,1058633.744,108615.784,Gas,-33.87575695333498,74560.27019566987,0.02340726212901551,0.023332701858819842,Coal→Gas,37735817.313999996
569,Richard M Flynn,NY,40.8158,-73.064,1994,Gas_CC,170,384941000.0,4680842.066,278476.368,Gas,-33.7257151976669,147121.33609297857,0.02355438346510849,0.02340726212901551,Gas_CC→Gas,38014293.682
20,Oklaunion,TX,34.0825,-99.1753,1986,Coal,720,1209201000.0,12914358.63,1354458.972,Gas,-33.18687144160216,941838.2432727348,0.024496221708381227,0.02355438346510849,Coal→Gas,39368752.654
827,Indeck Olean Energy Center,NY,42.085944,-78.45425,1994,Gas_CC,90,87172000.0,748123.9500000001,44458.975,Gas,-32.708635435326364,14712.907832826659,0.024510934616214057,0.024496221708381227,Gas_CC→Gas,39413211.629
498,Rockport,IN,37.9256,-87.0372,1984,Coal,2600,4358302000.0,41905763.266,4383521.255,Gas,-31.676648578515554,2896319.5844311714,0.02740725420064523,0.024510934616214057,Coal→Gas,43796732.884
860,Grays Ferry Cogeneration,PA,39.942219,-75.188069,1997,Gas_SC,192,865346000.0,12846683.748,638441.926,Gas,-31.369562585752995,343156.2810813933,0.02775041048172662,0.02740725420064523,Gas_SC→Gas,44435174.81
572,San Jacinto Steam Electric Station,TX,29.694838,-95.040622,1995,Gas_SC,176,932261000.0,12785306.369,759890.8809999999,Gas,-31.278616639456995,441771.5499838917,0.028192182031710512,0.02775041048172662,Gas_SC→Gas,45195065.691
844,Ferndale Generating Station,WA,48.828996,-122.685114,1994,Gas_CC,283,755266000.0,9434462.148,560670.863,Gas,-30.875564706458295,302948.2781667699,0.028495130309877284,0.028192182031710512,Gas_CC→Gas,45755736.554
507,Tolk,TX,34.186494,-102.56999,1982,Coal,1134,2029709000.0,21336678.285,2222219.412,Gas,-29.89154010740339,1529613.2971487148,0.030024743607026,0.028495130309877284,Coal→Gas,47977955.966
518,Scherer,GA,33.0606,-83.8075,1982,Coal,3564,6455829000.0,71558364.304,7505037.866,Gas,-29.00940462489523,5302088.260005122,0.03532683186703112,0.030024743607025995,Coal→Gas,55482993.832
733,Bear Mountain Limited,CA,35.419181,-118.926643,1995,Gas_SC,46,43642000.0,397448.05,23620.25,Gas,-28.920788444091443,8728.107301544316,0.03533555997433266,0.03532683186703112,Gas_SC→Gas,55506614.082
487,Boardman,OR,45.693182,-119.808819,1980,Coal,642,1747200000.0,17715313.534,1857983.613,Gas,-28.17850948520268,1261779.2290867565,0.03659733920341942,0.03533555997433266,Coal→Gas,57364597.695
509,Laramie River Station,WY,42.108889,-104.8825,1981,Coal,1710,8652304000.0,97551039.731,10231153.943,Gas,-26.302356121711853,7278691.960542301,0.043876031163961715,0.03659733920341942,Coal→Gas,67595751.638
452,White Bluff,AR,34.4228,-92.1406,1980,Coal,1800,4195667000.0,46014977.17,4824080.41,Gas,-26.108055868309712,3392375.362586924,0.04726840652654864,0.043876031163961715,Coal→Gas,72419832.048
486,Wyodak,WY,44.290128,-105.381482,1978,Coal,402,2010496000.0,22292803.882,2338068.07,Gas,-24.799782306071368,1652018.087719757,0.04892042461426839,0.04726840652654864,Coal→Gas,74757900.11799999
583,Neil Simpson II,WY,44.2856,-105.3833,1995,Coal,130,786000000.0,9468885.876,960076.625,Gas,-24.224971551588666,691866.548445622,0.04961229116271401,0.04892042461426839,Coal→Gas,75717976.74299999
493,Welsh,TX,33.05522,-94.839993,1977,Coal,1674,3587706000.0,38601790.456,4048551.427,Gas,-23.815288239382642,2824303.461459795,0.052436594624173806,0.04961229116271401,Coal→Gas,79766528.16999999
678,Belews Creek,NC,36.2811,-80.0603,1974,Coal,2490,5751348000.0,51475866.161,4846203.945,Gas,-22.75083366059377,2883647.3452915153,0.05532024196946532,0.052436594624173806,Coal→Gas,84612732.11499998
784,Westwood Generation LLC,PA,40.6191,-76.45,1987,Coal,36,214724000.0,3723178.783,440344.765,Gas,-22.59711449666433,367073.59390831774,0.05568731556337364,0.05532024196946532,Coal→Gas,85053076.87999998
454,Newton,IL,38.9361,-88.2781,1977,Coal,1234,2860079000.0,28793934.068,3019906.626,Gas,-20.560208758505144,2043949.873402584,0.05773126543677622,0.05568731556337364,Coal→Gas,88072983.50599998
851,Pratt & Whitney,CT,41.748327,-72.636693,1992,Gas_SC,25,85790000.0,985538.778,58569.66,Gas,-20.115480795351843,29295.17848905841,0.05776056061526528,0.05773126543677622,Gas_SC→Gas,88131553.16599998
207,Erickson Station,MI,42.692222,-84.657222,1973,Coal,154,616427000.0,7461886.34,782601.455,Gas,-19.55174921484323,572255.4844399674,0.05833281609970525,0.05776056061526528,Coal→Gas,88914154.62099998
510,Merom,IN,39.0694,-87.5108,1982,Coal,1080,2808884000.0,29308006.55,3007001.638,Gas,-19.083660113045127,2048514.3699689978,0.06038133046967425,0.05833281609970525,Coal→Gas,91921156.25899997
796,Optim Energy Altura Cogen LLC,TX,29.8161,-95.10773,1985,Gas_CC,638,3400434000.0,38558836.591,2291515.129,Gas,-18.491834765366814,1131170.7734553309,0.061512501243129576,0.06038133046967425,Gas_CC→Gas,94212671.38799997
49,Comanche (CO),CO,38.2081,-104.5747,1973,Coal,1634,4648786000.0,47269634.09,4883250.386,Gas,-18.47045805714598,3296925.641795266,0.06480942688492483,0.061512501243129576,Coal→Gas,99095921.77399996
686,Jim Bridger,WY,41.7378,-108.7875,1974,Coal,2441,11336603000.0,117039764.935,12275116.354,Gas,-18.28448112904449,8406679.765581945,0.07321610665050678,0.06480942688492483,Coal→Gas,111371038.12799996
514,Winyah,SC,33.33184,-79.357236,1975,Coal,1260,2631016000.0,26210305.23,2689178.031,Gas,-17.68202249996096,1791385.406603316,0.0750074920571101,0.07321610665050678,Coal→Gas,114060216.15899996
822,C R Wing Cogen Plant,TX,32.273178,-101.422386,1987,Gas_CC,229,643828000.0,6149831.097,365478.925,Gas,-17.42056176656546,145782.79628771995,0.07515327485339782,0.0750074920571101,Gas_CC→Gas,114425695.08399996
358,Manchester Street,RI,41.8167,-71.4042,1995,Gas_CC,515,1107067000.0,13565120.175,804654.425,Gas,-17.379740345475074,426885.3094518758,0.0755801601628497,0.07515327485339782,Gas_CC→Gas,115230349.50899996
529,R D Green,KY,37.6461,-87.5,1979,Coal,586,1302573000.0,13717138.673,1407376.869,Gas,-16.774755957839588,962894.4211022062,0.0765430545839519,0.0755801601628497,Coal→Gas,116637726.37799996
9,Platte,NE,40.854765,-98.348222,1982,Coal,109,409993000.0,4842587.007,507889.874,Gas,-16.30215133983084,367986.2430626474,0.07691104082701455,0.0765430545839519,Coal→Gas,117145616.25199996
372,Cumberland (TN),TN,36.3903,-87.6539,1973,Coal,2600,10186573000.0,101328432.745,10382601.489,Gas,-16.207966396545313,6906594.460810738,0.08381763528782529,0.07691104082701455,Coal→Gas,127528217.74099997
276,San Juan,NM,36.8006,-108.4386,1973,Coal,1848,5352045000.0,59622703.411,6249613.377,Gas,-16.081509375107895,4423312.6146940505,0.08824094790251934,0.08381763528782529,Coal→Gas,133777831.11799997
728,Ebensburg Power,PA,40.455,-78.7472,1990,Coal,57,338299000.0,4743554.563,517889.946,Gas,-14.709036030696812,402450.75937370287,0.08864339866189304,0.08824094790251934,Coal→Gas,134295721.06399998
491,A B Brown,IN,37.9053,-87.715,1979,Coal,706,2369786000.0,25549087.069,2609644.344,Gas,-14.610064703258873,1800992.3281253264,0.09044439099001837,0.08864339866189304,Coal→Gas,136905365.408
481,Sherburne County,MN,45.3808,-93.8931,1976,Coal,2468,9614564000.0,96765805.27,10148791.521,Gas,-13.063403237968448,6867973.5229377,0.09731236451295606,0.09044439099001837,Coal→Gas,147054156.929
11,Escalante,NM,35.4159,-108.082,1984,Coal,257,637931000.0,6378643.973,668993.557,Gas,-12.870106875284042,451309.686330266,0.09776367419928633,0.09731236451295606,Coal→Gas,147723150.486
543,Major Oak Power,TX,31.091925,-96.69503,1990,Coal,948,2702959000.0,28259329.438,3076585.624,Gas,-12.297734335825497,2154243.5879779323,0.09991791778726426,0.09776367419928633,Coal→Gas,150799736.11
459,Belle River,MI,42.7756,-82.495,1981,Coal,1659,4950838000.0,49747806.267,5018291.802,Gas,-11.808853710647137,3328896.5870021326,0.10324681437426639,0.09991791778726426,Coal→Gas,155818027.912
513,Pawnee,CO,40.2217,-103.6803,1981,Coal,552,3337217000.0,36728409.412,3851491.118,Gas,-10.512465656841556,2712718.564503089,0.10595953293876947,0.10324681437426639,Coal→Gas,159669519.03
536,Rawhide,CO,40.860905,-105.021207,1984,Gas_SC,798,2221328000.0,20670571.479,2088151.445,Gas,-10.495126788229813,1330158.3751114714,0.10728969131388096,0.10595953293876947,Gas_SC→Gas,161757670.475
876,Androscoggin Energy Center,ME,44.506315,-70.242312,1999,Gas_SC,162,374378000.0,4668678.569,277735.255,Gas,-10.469767159285603,149984.67988514638,0.1074396759937661,0.10728969131388096,Gas_SC→Gas,162035405.73
21,Cross,SC,33.371506,-80.113235,1984,Coal,2389,6832826000.0,71046981.476,7289416.468,Gas,-9.939275929588051,4957822.594535949,0.11239749858830204,0.1074396759937661,Coal→Gas,169324822.19799998
505,Brame Energy Center,LA,31.395,-92.716667,1975,Coal,1706,5368708000.0,56392476.86,5593480.331,Gas,-9.503386309072441,3761493.5833179364,0.11615899217161998,0.11239749858830204,Coal→Gas,174918302.52899998
471,Jeffrey Energy Center,KS,39.286453,-96.117231,1978,Coal,2160,7742614000.0,77712558.28,8145164.31,Gas,-8.469107642281134,5503119.661563613,0.1216621118331836,0.11615899217161998,Coal→Gas,183063466.839
558,Clover,VA,36.869,-78.704,1995,Coal,848,1360680000.0,13959582.122,1432252.161,Gas,-8.37885548334215,967941.6177862454,0.12263005345096985,0.1216621118331836,Coal→Gas,184495719.0
1082,Wygen 1,WY,44.2858,-105.3833,2003,Coal,90,770923000.0,8761068.827,918861.708,Gas,-7.948183522461287,655796.4193899098,0.12328584987035975,0.12263005345096985,Coal→Gas,185414580.708
492,Flint Creek,AR,36.2561,-94.5241,1978,Coal,558,1992327000.0,20074444.36,2105410.454,Gas,-7.751120900672174,1425560.35579217,0.12471141022615191,0.12328584987035975,Coal→Gas,187519991.162
457,Craig (CO),CO,40.4627,-107.5912,1979,Coal,1426,7639894000.0,80418011.579,8434235.936,Gas,-7.624692314359452,5827242.863980493,0.1305386530901324,0.12471141022615191,Coal→Gas,195954227.098
499,Coronado,AZ,34.5789,-109.2708,1979,Coal,820,3000622000.0,32998176.892,3460853.88,Gas,-7.42977462790023,2436939.050062658,0.13297559214019505,0.1305386530901324,Coal→Gas,199415080.978
445,John P Madgett,WI,44.303583,-91.912647,1979,Coal,387,1566399000.0,17609570.054,1846887.813,Gas,-6.690138515611897,1312378.9126123395,0.1342879710528074,0.13297559214019505,Coal→Gas,201261968.79099998
455,East Bend,KY,38.9036,-84.8514,1981,Coal,772,2492997000.0,26608833.796,2730062.755,Gas,-6.436179143331497,1879366.93283736,0.13616733798564476,0.1342879710528074,Coal→Gas,203992031.54599997
534,Louisa,IA,41.3181,-91.0931,1983,Coal,811,2046614000.0,19483009.331,2043380.589,Gas,-6.019439976885733,1345005.9100976312,0.13751234389574238,0.13616733798564476,Coal→Gas,206035412.13499996
689,"Gavin Power, LLC",OH,38.9347,-82.1158,1974,Coal,2600,14344976000.0,146937430.286,15074332.081,Gas,-5.976388486801886,10179335.756406214,0.1476916796521486,0.13751234389574238,Coal→Gas,221109744.21599996
475,Colstrip,MT,45.8831,-106.614,1975,Coal,2362,8885187000.0,86999147.495,9121047.328,Gas,-5.881555412930128,6089117.702720147,0.15378079735486874,0.1476916796521486,Coal→Gas,230230791.54399997
547,J K Spruce,TX,29.309722,-98.3203,1992,Coal,1444,5671932000.0,61814937.049,6342205.970000001,Gas,-5.583517155161055,4406748.8250493305,0.1581875461799181,0.15378079735486874,Coal→Gas,236572997.51399997
32,Limestone,TX,31.4219,-96.2525,1985,Coal,1849,6332172000.0,63944990.991,6702640.393999999,Gas,-5.422577396199006,4541886.784743652,0.16272943296466172,0.15818754617991804,Coal→Gas,243275637.90799996
504,San Miguel,TX,28.7044,-98.4775,1982,Coal,410,2610918000.0,29608943.004,3223528.661,Gas,-4.862465658576109,2332594.1614361275,0.16506202712609785,0.16272943296466172,Coal→Gas,246499166.56899998
500,Coleto Creek,TX,28.7128,-97.214167,1980,Coal,622,2705523000.0,28661161.895,3005980.887,Gas,-4.6488895681648925,2082763.926504287,0.16714479105260213,0.16506202712609785,Coal→Gas,249505147.45599997
10,Whelan Energy Center,NE,40.580872,-98.312437,1981,Coal,324,1163179000.0,11683032.735,1225316.813,Gas,-4.528318010939207,828400.3643531236,0.16797319141695527,0.16714479105260213,Coal→Gas,250730464.26899996
1211,Wygen 2,WY,44.2919,-105.3811,2008,Coal,95,783825000.0,8916959.037,935205.921,Gas,-4.398323242180422,667738.0288177666,0.16864092944577302,0.16797319141695527,Coal→Gas,251665670.18999997
146,La Cygne,KS,38.3481,-94.6456,1973,Coal,1598,6650553000.0,65925746.963,6912975.648,Gas,-4.001242109080895,4643579.554795231,0.17328450900056827,0.16864092944577302,Coal→Gas,258578645.83799997
736,AES Warrior Run Cogeneration Facility,MD,39.595171,-78.745333,1999,Coal,229,949524000.0,11908738.447,1221680.864,Gas,-2.7828010132078544,897670.8070913241,0.1741821798076596,0.17328450900056827,Coal→Gas,259800326.70199996
517,Ottumwa,IA,41.0961,-92.555833,1981,Coal,725,2751569000.0,28662182.975,3005151.0130000003,Gas,-2.1058537325722955,2066221.58280324,0.17624840139046286,0.1741821798076596,Coal→Gas,262805477.71499997
897,Dearborn Industrial Generation,MI,42.3026,-83.154,1999,Gas_SC,747,3573856000.0,43465600.9,2132402.875,Gas,-1.7391918240276178,912881.0030479347,0.17716128239351078,0.17624840139046286,Gas_SC→Gas,264937880.58999997
635,Pirkey,TX,32.4607,-94.4852,1985,Coal,721,2379413000.0,22761955.815,2478093.857,Gas,-1.3102694638213859,1666156.7795388263,0.17882743917304963,0.17716128239351078,Coal→Gas,267415974.44699997
506,Harrington,TX,35.29816,-101.747187,1976,Coal,1080,3689626000.0,35342404.537,3685235.861,Gas,-0.596978113636389,2426209.3063981887,0.1812536484794478,0.17882743917304963,Coal→Gas,271101210.30799997
22,Seminole (FL),FL,29.733056,-81.632778,1984,Coal,2278,7093448000.0,68315035.552,7009117.937,Gas,-0.3749913834721704,4588590.925403944,0.18584223940485176,0.1812536484794478,Coal→Gas,278110328.24499995
783,Eagle Point Power Generation,NJ,39.8746,-75.1592,1990,Gas_CC,251,551910000.0,4437364.26,263724.553,Gas,1.1163455927593784,75393.98894004227,0.1859176333937918,0.18584223940485176,Gas_CC→Gas,278374052.7979999
501,Fayette Power Project,TX,29.9172,-96.7506,1979,Coal,1690,9411477000.0,97702623.278,10247053.41,Gas,1.1410992872830514,7035535.640712763,0.19295316903450457,0.1859176333937918,Coal→Gas,288621106.20799994
12,Holcomb,KS,37.9308,-100.9725,1983,Coal,348,1590954000.0,15249576.28,1599375.823,Gas,1.4847607269104186,1056487.916976471,0.19400965695148104,0.19295316903450457,Coal→Gas,290220482.03099996
673,Columbia (WI),WI,43.4864,-89.4203,1975,Coal,1112,5644215000.0,59242619.219,6212741.745,Gas,2.4756454184493597,4286742.58820691,0.19829639953968797,0.19400965695148104,Coal→Gas,296433223.77599996
691,Coyote,ND,47.221447,-101.815722,1981,Coal,450,2540150000.0,26724753.022,2909520.876,Gas,2.5096069088185096,2042734.8378834564,0.2003391343775714,0.19829639953968797,Coal→Gas,299342744.65199995
489,Gibson,IN,38.372222,-87.765833,1975,Coal,3335,12883913000.0,121401225.622,12455766.038,Gas,2.741284303367874,8059334.368725259,0.20839846874629667,0.2003391343775714,Coal→Gas,311798510.68999994
450,James H Miller Jr,AL,33.6319,-87.0597,1978,Coal,2820,17594945000.0,179699736.425,18846905.225,Gas,3.284943316982804,12842908.347875228,0.2212413770941719,0.20839846874629667,Coal→Gas,330645415.91499996
494,Martin Lake,TX,32.2606,-94.5706,1977,Coal,3179,14044368000.0,135840242.896,14788925.215,Gas,4.084714947398227,9996506.61902308,0.231237883713195,0.2212413770941719,Coal→Gas,345434341.12999994
692,Springerville,AZ,34.3186,-109.1639,1985,Coal,2176,8527353000.0,83732537.387,8777652.853,Gas,4.217257228158533,5867828.424327983,0.23710571213752296,0.231237883713195,Coal→Gas,354211993.9829999
765,Bethpage Power Plant,NY,40.7469,-73.4994,1989,Gas_CC,238,539271000.0,4442748.961,264031.917,Gas,4.296985495634774,80014.21191913995,0.2371857263494421,0.23710571213752296,Gas_CC→Gas,354476025.8999999
484,Nebraska City,NE,40.6214,-95.7764,1979,Coal,1389,8317716000.0,83716848.543,8770945.502,Gas,4.437482410775499,5932656.3860743325,0.24311838273551642,0.2371857263494421,Coal→Gas,363246971.4019999
607,Bonanza,UT,40.0864,-109.2844,1986,Coal,609,3474383000.0,34851215.795,3575733.558,Gas,4.46018797669266,2390155.2750366037,0.24550853801055303,0.24311838273551642,Coal→Gas,366822704.9599999
525,Antelope Valley,ND,47.370542,-101.83566,1984,Coal,954,6074541000.0,63158217.582,6876033.321,Gas,5.037721093739401,4803192.218401135,0.25031173022895414,0.24550853801055303,Coal→Gas,373698738.2809999
540,D B Wilson,KY,37.4497,-87.0806,1984,Coal,509,2511569000.0,25905336.594,2657884.525,Gas,5.124387769293682,1800851.3013847293,0.2521125815303389,0.25031173022895414,Coal→Gas,376356622.8059999
688,Huntington,UT,39.3792,-111.0781,1974,Coal,1037,4963083000.0,47834902.969,4907864.5600000005,Gas,5.89193387998305,3214290.9322955064,0.25532687246263436,0.2521125815303389,Coal→Gas,381264487.3659999
456,W H Zimmer,OH,38.8675,-84.2289,1991,Coal,1425,6078823000.0,54657422.842,5591345.667,Gas,5.9531659259191025,3517043.3995820433,0.2588439158622164,0.25532687246263436,Coal→Gas,386855833.0329999
508,John Twitty Energy Center,MO,37.151706,-93.38804,1976,Coal,603,1828216000.0,17677672.701,1796233.656,Gas,6.8006652684819695,1172383.8426183984,0.2600162997048348,0.2588439158622164,Coal→Gas,388652066.6889999
497,Hunter,UT,39.1747,-111.0289,1978,Coal,1577,8738927000.0,84948794.276,8715742.669,Gas,7.552170828773862,5733721.956947682,0.2657500216617825,0.2600162997048348,Coal→Gas,397367809.3579999
1197,TS Power Plant,NV,40.7461,-116.5297,2008,Coal,406,1143626000.0,11928645.191,1249532.799,Gas,8.44675846816664,859288.5025501563,0.26660931016433265,0.2657500216617825,Coal→Gas,398617342.15699995
570,Almond Power Plant,CA,37.5744,-120.985,1996,Gas_SC,223,266714000.0,2568416.243,152638.392,Gas,8.819405924627732,61626.455157602555,0.26667093661949026,0.26660931016433265,Gas_SC→Gas,398769980.54899997
526,Intermountain Power Project,UT,39.509731,-112.58018,1986,Coal,1640,7314550000.0,67177712.5,6892435.775,Gas,10.168188365072103,4396461.200622359,0.27106739782011263,0.2666709366194903,Coal→Gas,405662416.32399994
451,Pleasants Power Station,WV,39.366667,-81.294444,1979,Coal,1368,5439737000.0,51133697.24,5246313.091,Gas,10.235831819511782,3390088.8197459504,0.2744574866398586,0.27106739782011263,Coal→Gas,410908729.41499996
1237,Wygen III,WY,44.2919,-105.3806,2010,Coal,116,933026000.0,9668215.844,1014000.898,Gas,10.336654097606873,695620.5228254134,0.27515310716268404,0.2744574866398586,Coal→Gas,411922730.31299996
476,Gerald Gentleman,NE,41.0808,-101.1408,1979,Coal,1362,7412380000.0,69650462.925,7304937.575,Gas,10.521677804120852,4775580.059414579,0.27992868722209857,0.27515310716268404,Coal→Gas,419227667.88799995
458,Coal Creek,ND,47.377743,-101.157058,1979,Coal,1216,8841523000.0,87657916.149,9543316.525,Gas,11.073812799182928,6526286.549570872,0.28645497377166945,0.27992868722209857,Coal→Gas,428770984.4129999
906,Sabine Cogen,TX,30.0444,-93.771389,2000,Gas_CC,105,114266000.0,1585069.487,94199.018,Gas,11.5951734546566,55207.551578164675,0.2865101813232476,0.28645497377166945,Gas_CC→Gas,428865183.43099993
156,Ghent,KY,38.7497,-85.035,1974,Coal,2224,10911256000.0,102797458.607,10547018.842,Gas,14.205817533763373,6823725.194335347,0.29333390651758295,0.2865101813232476,Coal→Gas,439412202.27299994
520,Mountaineer,WV,38.9794,-81.9344,1980,Coal,1300,5764921000.0,53620440.307,5491899.428,Gas,14.25505359159167,3524711.2565751383,0.2968586177741581,0.29333390651758295,Coal→Gas,444904101.7009999
690,Ray D Nixon,CO,38.633451,-104.70577,1980,Coal,281,1384958000.0,12034998.047,1258624.29,Gas,15.340775855979428,786029.2630221396,0.29764464703718024,0.2968586177741581,Coal→Gas,446162725.99099994
869,Brooklyn Navy Yard Cogeneration,NY,40.699357,-73.976392,1996,Gas_CC,322,1616508000.0,18359005.639,1091072.527,Gas,15.497251975228222,539464.7223807067,0.29818411175956094,0.29764464703718024,Gas_CC→Gas,447253798.51799995
62,Stanton Energy Center,FL,28.4822,-81.1678,1987,Coal,1260,5925807000.0,54802139.683,4917903.897,Gas,17.32294639435219,2895815.921024848,0.3010799276805858,0.29818411175956094,Coal→Gas,452171702.41499996
472,Trimble County,KY,38.5847,-85.4117,1990,Coal,2594,9717610000.0,84222695.172,8478734.484,Gas,18.003808856888682,5162753.6671735495,0.3062426813477594,0.3010799276805858,Coal→Gas,460650436.899
831,Kennedy International Airport Cogen,NY,40.6417,-73.7778,1994,Gas_CC,171,431255000.0,4316863.858,256622.174,Gas,18.375983514928283,109463.22162791563,0.30635214456938725,0.3062426813477594,Gas_CC→Gas,460907059.073
461,H L Spurlock,KY,38.7,-83.8181,1977,Coal,1607,8104889000.0,73851755.807,7577184.401000001,Gas,18.60356447025428,4811519.134899827,0.3111636637042871,0.30635214456938725,Coal→Gas,468484243.47400004
811,Doswell Energy Center,VA,37.820805,-77.446246,1991,Gas_CC,1313,5804767000.0,52120200.275,3097620.62,Gas,20.23531553336762,1116835.6308774462,0.31228049933516455,0.3111636637042871,Gas_CC→Gas,471581864.09400004
894,Brownsville Peaking Power,TN,35.5438,-89.198,1999,Gas_SC,460,334949000.0,3834429.612,227873.668,Gas,21.01478425301941,113577.61592390283,0.31239407695108845,0.31228049933516455,Gas_SC→Gas,471809737.762
881,Cherokee County Cogen,SC,35.0727,-81.613,1998,Gas_CC,101,238778000.0,2776713.647,165015.424,Gas,22.113014032821088,83536.20560368794,0.3124776131566921,0.31239407695108845,Gas_CC→Gas,471974753.18600005
1241,Dry Fork Station,WY,44.388889,-105.460833,2011,Coal,483,3531084000.0,34473079.203,3615537.429,Gas,22.198129433769537,2410610.8259975323,0.3148882239826896,0.3124776131566921,Coal→Gas,475590290.61500007
613,Smarr Energy Center,GA,32.9842,-83.8464,1999,Gas_SC,242,277558000.0,3503189.2800000003,208189.588,Gas,22.96206373674777,113477.30755689558,0.31500170129024646,0.3148882239826896,Gas_SC→Gas,475798480.20300007
537,Sikeston Power Station,MO,36.8791,-89.6209,1981,Coal,261,1783184000.0,16880136.51,1770392.745,Gas,24.576560998633546,1161909.3898466388,0.31616361068009313,0.31500170129024646,Coal→Gas,477568872.9480001
903,Kalamazoo River Generating Station,MI,42.281345,-85.494956,1999,Gas_SC,77,78808000.0,959163.599,57002.899000000005,Gas,24.98045231085413,30110.914632191576,0.3161937215947253,0.31616361068009313,Gas_SC→Gas,477625875.84700006
470,Iatan,MO,39.4472,-94.98,1980,Coal,1725,7571663000.0,65703095.582,6890941.699,Gas,25.865506499136146,4307231.377277415,0.32050095297200276,0.3161937215947253,Coal→Gas,484516817.54600006
495,Rush Island,MO,38.131248,-90.263157,1976,Coal,1242,7865413000.0,71684445.991,7518268.246,Gas,27.480625112648866,4834320.3797636125,0.3253352733517664,0.32050095297200276,Coal→Gas,492035085.79200006
562,Woodland,CA,37.652602,-121.020397,1993,Gas_CC,195,409127000.0,3408812.739,202588.743,Gas,27.597323803692404,62980.62087472895,0.32539825397264105,0.3253352733517664,Gas_CC→Gas,492237674.535
592,Tiger Bay,FL,27.746369,-81.849446,1997,Gas_CC,277,517793000.0,5725426.534,340251.62,Gas,27.604649557338224,163562.94293979506,0.3255618169155809,0.32539825397264105,Gas_CC→Gas,492577926.15500003
1158,Prairie State Generating Station,IL,38.279167,-89.666944,2012,Coal,1766,12152389000.0,126592426.127,12988380.74,Gas,29.926928645768538,8841570.073322415,0.33440338698890326,0.3255618169155809,Coal→Gas,505566306.89500004
788,JM Shafer Generating Station,CO,40.0986,-104.7736,1994,Gas_CC,394,789312000.0,6947369.705,412872.974,Gas,30.3609169815218,143532.72979479737,0.3345469197186981,0.33440338698890326,Gas_CC→Gas,505979179.869
994,Whiting Clean Energy,IN,41.6739,-87.4775,2002,Gas_CC,575,2259294000.0,26051463.417,1548203.317,Gas,30.917906439839744,777254.949698668,0.33532417466839676,0.3345469197186981,Gas_CC→Gas,507527383.186
612,Rowan,NC,35.7314,-80.6019,2001,Gas_SC,1190,3016686000.0,31680685.36,1882801.645,Gas,32.20589340815483,853405.2289688034,0.3361775798973656,0.33532417466839676,Gas_SC→Gas,509410184.831
898,Taft Cogeneration Facility,LA,29.9888,-90.4599,2002,Gas_CC,892,3652995000.0,42945276.377,2552160.82,Gas,33.25576463249205,1305634.0151618824,0.33748321391252745,0.3361775798973656,Gas_CC→Gas,511962345.65099996
584,McPherson 3,KS,38.38932,-97.61108,1998,Gas_SC,115,10699000.0,124964.692,7571.567,Wind,34.750246047460884,7571.567,0.33749078547952743,0.33748321391252745,Gas_SC→Wind,511969917.21799994
855,Yuma Cogeneration Associates,AZ,32.728822,-114.654053,1994,Gas_CC,62,113945000.0,1041395.097,61884.789,Gas,35.00628915131735,23002.858754467416,0.3375137883382819,0.33749078547952743,Gas_CC→Gas,512031802.0069999
1220,Plum Point Energy Station,AR,35.6644,-89.9489,2010,Coal,720,3579835000.0,35408538.771,3713368.926,Gas,38.221552963464475,2491806.814801473,0.3400055951530833,0.3375137883382819,Coal→Gas,515745170.9329999
938,Granite Ridge,NH,42.9042,-71.4261,2003,Gas_CC,790,2120035000.0,22565329.077,1341025.934,Gas,42.59264842726078,617597.4993333829,0.3406231926524167,0.3400055951530833,Gas_CC→Gas,517086196.8669999
556,Cope,SC,33.3644,-81.03,1996,Gas_SC,417,1028009000.0,9646353.337,693924.287,Gas,45.62625965293469,343132.46436820657,0.34096632511678493,0.3406231926524167,Gas_SC→Gas,517780121.1539999
585,Carson Ice-Gen Project,CA,38.445681,-121.462387,1995,Gas_CC,125,243467000.0,2155557.809,128351.739,Gas,45.8932067751518,45272.47346760209,0.3410115975902525,0.34096632511678493,Gas_CC→Gas,517908472.89299995
1075,McClain Energy Facility,OK,35.29774,-97.58985,2001,Gas_CC,550,2027271000.0,20765777.089,1234080.628,Gas,46.526162408319344,542306.4421139052,0.3415539040323664,0.3410115975902525,Gas_CC→Gas,519142553.52099997
1137,Dean,MI,42.7725,-82.4953,2002,Gas_SC,356,738897000.0,8601439.405,511160.287,Gas,47.83882918811059,259023.36468982152,0.3418129273970562,0.3415539040323664,Gas_SC→Gas,519653713.80799997
1243,Sandy Creek Energy Station,TX,31.474378,-96.957149,2013,Coal,1008,4884613000.0,47161984.870000005,4943073.232,Gas,49.17757506618261,3276276.251505712,0.34508920364856194,0.3418129273970562,Coal→Gas,524596787.03999996
567,Hines Energy Complex,FL,27.788215,-81.869983,1999,Gas_CC,3296,7497927000.0,82539135.494,4905994.901000001,Gas,50.36046757678962,2347445.823812802,0.34743664947237474,0.34508920364856194,Gas_CC→Gas,529502781.941
502,Oak Grove (TX),TX,31.1803,-96.4866,2010,Coal,3394,14156221000.0,131696051.869,14334643.816,Gas,53.03586511312357,9504057.151711583,0.35694070662408633,0.34743664947237474,Coal→Gas,543837425.757
933,Lost Pines 1 Power Project,TX,30.1478,-97.2714,2001,Gas_CC,608,1940683000.0,21070905.502,1252212.01,Gas,53.87918125200225,589984.6105117302,0.357530691234598,0.35694070662408633,Gas_CC→Gas,545089637.767
1238,San Jacinto County Peaking Facility,TX,30.4193,-95.0118,2001,Gas_SC,170,239685000.0,2826051.008,167945.994,Gas,56.434424157844255,86157.27618964872,0.3576168485107877,0.357530691234598,Gas_SC→Gas,545257583.7609999
1182,Elm Road Generating Station,WI,42.8492,-87.8336,2010,Coal,1402,8195897000.0,73817406.681,7739753.19,Gas,57.119121723510496,4943032.882364126,0.3625598813931518,0.3576168485107877,Coal→Gas,552997336.951
978,Liberty Electric Power Plant,PA,39.8614,-75.3358,2002,Gas_CC,614,2411821000.0,27416463.35,1629330.79,Gas,57.51692992226337,806334.9947767728,0.3633662163879286,0.3625598813931518,Gas_CC→Gas,554626667.7409999
1235,John W Turk Jr Power Plant,AR,33.649722,-93.811944,2012,Coal,609,3751582000.0,32814037.894,3441534.109,Gas,58.37879421280802,2161366.048669177,0.3655275824365978,0.3633662163879286,Coal→Gas,558068201.8499999
1013,Blythe Energy Inc,CA,33.6157,-114.6865,2003,Gas_CC,591,1299373000.0,14184216.271,842948.417,Gas,61.432163650422595,399557.91852329276,0.3659271403551211,0.3655275824365978,Gas_CC→Gas,558911150.267
1133,Choctaw County,MS,33.2881,-89.4201,2003,Gas_CC,899,3511191000.0,37344958.965,2219356.867,Gas,62.83180905583231,1021218.4358205558,0.3669483587909417,0.3659271403551211,Gas_CC→Gas,561130507.134
463,Martin,FL,27.0536,-80.5628,1980,Gas_CC,6069,11444544000.0,78574021.87,4670052.302,Gas,63.723242322912164,764782.5534377252,0.3677131413443794,0.3669483587909417,Gas_CC→Gas,565800559.436
705,Colver Green Energy,PA,40.55,-78.8,1995,Coal,118,558903000.0,6389007.942,238324.927,Gas,64.82228421289162,47608.112220774085,0.36776074945660014,0.3677131413443794,Coal→Gas,566038884.363
1029,Ironwood LLC,PA,40.3509,-76.3658,2001,Gas_CC,777,3300793000.0,35940023.9,2135860.525,Gas,65.57351263816194,1009517.0857886064,0.36877026654238876,0.36776074945660014,Gas_CC→Gas,568174744.888
656,Sumpter,MI,42.167,-83.5318,2002,Gas_SC,340,352070000.0,4396849.717,261295.699,Gas,66.08964851990979,141157.37628689583,0.36891142391867565,0.36877026654238876,Gas_SC→Gas,568436040.587
917,Manchief Electric Generating Station,CO,40.217143,-103.68504,2000,Gas_SC,300,470307000.0,4941013.271,293636.626,Gas,67.52888849204595,133151.79588033093,0.36904457571455596,0.36891142391867565,Gas_SC→Gas,568729677.213
1117,Blue Spruce Energy Center,CO,39.747875,-104.681404,2003,Gas_SC,396,521191000.0,6192582.07,368052.31,Gas,67.5771524222584,190204.1191482788,0.36923477983370423,0.36904457571455596,Gas_SC→Gas,569097729.523
1058,Effingham County Power Project,GA,32.277252,-81.284411,2003,Gas_CC,595,1905950000.0,20766046.055,1234096.351,Gas,68.83697438546089,583721.0387750422,0.36981850087247925,0.36923477983370423,Gas_CC→Gas,570331825.874
956,Gibson City Energy Center LLC,IL,40.4705,-88.3987,2000,Gas_SC,270,210182000.0,2484262.467,147633.886,Gas,70.7612937152047,75912.6006178724,0.36989441347309715,0.36981850087247925,Gas_SC→Gas,570479459.76
930,Lake Road Generating Plant,CT,41.872043,-71.895799,2002,Gas_CC,840,3619711000.0,39772251.212,2363498.479,Gas,71.9055419658277,1128329.3130779585,0.37102274278617514,0.36989441347309715,Gas_CC→Gas,572842958.239
1170,Hunterstown Power Plant,PA,39.8725,-77.1672,2003,Gas_CC,898,4282993000.0,46596373.326,2769155.771,Gas,72.3663622887059,1307652.106353861,0.372330394892529,0.37102274278617514,Gas_CC→Gas,575612114.01
614,John S Rainey,SC,34.347734,-82.774478,2001,Gas_CC,1632,4222107000.0,44888370.774,2667136.603,Gas,74.11627085968692,1226409.3234951966,0.3735568042160242,0.372330394892529,Gas_CC→Gas,578279250.613
1247,Longview Power Plant,WV,39.707893,-79.958974,2011,Coal,807,5487405000.0,46366753.596,4757227.216,Gas,77.634950402959,2884736.99318209,0.3764415412092063,0.3735568042160242,Coal→Gas,583036477.829
473,Victor J Daniel Jr,MS,30.5322,-88.5553,1977,Gas_CC,2226,11271082000.0,86375917.652,6399159.56,Gas,78.63235233637852,2553080.9772128845,0.3789946221864192,0.3764415412092063,Gas_CC→Gas,589435637.3889999
600,Georgetown,IN,39.902556,-86.24405,2000,Gas_SC,340,244902000.0,2882872.681,171322.486,Gas,80.518877851797,87753.5493990836,0.37908237573581827,0.3789946221864192,Gas_SC→Gas,589606959.8749999
985,Red Oak Power LLC,NJ,40.448674,-74.348879,2002,Gas_CC,820,1871654000.0,20034977.415,1190652.614,Gas,81.52741994669391,551980.269695537,0.37963435600551376,0.37908237573581827,Gas_CC→Gas,590797612.4889998
833,Stony Brook Cogen Plant,NY,40.916833,-73.129056,1995,Gas_SC,47,350411000.0,3334709.923,198180.252,Gas,81.95017920011823,78608.03681489038,0.3797129640423287,0.37963435600551376,Gas_SC→Gas,590995792.7409998
963,ANP Blackstone Energy Project,MA,42.059876,-71.515811,2001,Gas_CC,578,951288000.0,10517931.658,625063.477,Gas,82.14932320541861,300451.4829729501,0.38001341552530166,0.3797129640423287,Gas_CC→Gas,591620856.2179998
648,Wansley Unit 9,GA,33.4083,-85.0403,2004,Gas_CC,592,2138515000.0,22487977.908,1336428.957,Gas,83.3435073409455,606694.5144266083,0.38062011003972823,0.38001341552530166,Gas_CC→Gas,592957285.1749998
877,Rio Bravo,NM,35.026,-106.644,2000,Gas_SC,150,131297000.0,1508569.722,89766.982,Gas,83.60940905720625,44963.95601862574,0.38066507399574684,0.38062011003972823,Gas_SC→Gas,593047052.1569998
992,Gleason Generating Facility,TN,36.2454,-88.612,2000,Gas_SC,567,470362000.0,4899365.157,291158.105,Gas,84.58720235518017,130654.506999656,0.3807957285027465,0.38066507399574684,Gas_SC→Gas,593338210.2619998
887,Black Hawk Station,TX,35.6957,-101.36,1999,Gas_SC,369,1874490000.0,17991850.827,1064517.741,Gas,85.22277407079231,424877.65652109904,0.3812206061592676,0.3807957285027465,Gas_SC→Gas,594402728.0029999
893,Millennium Power,MA,42.112291,-72.015113,2001,Gas_CC,427,686521000.0,7559875.478,449275.269,Gas,85.2701124941428,215010.8288394552,0.3814356169881071,0.3812206061592676,Gas_CC→Gas,594852003.272
1077,Deer Park Energy Center,TX,29.713414,-95.134508,2003,Gas_CC,1176,7606662000.0,74957014.012,4454592.061,Gas,85.66055434358364,1858938.8837184748,0.3832945558718256,0.3814356169881071,Gas_CC→Gas,599306595.333
962,ANP Bellingham Energy Project,MA,42.110577,-71.453468,2002,Gas_CC,578,971792000.0,10925397.196,649280.37,Gas,86.42182878022142,317671.71005733823,0.3836122275818829,0.3832945558718256,Gas_CC→Gas,599955875.703
922,Alliant Energy Neenah,WI,44.1936,-88.5064,2000,Gas_SC,370,421449000.0,4657196.2,274772.3,Gas,87.28357825411241,130959.49013515766,0.38374318707201804,0.3836122275818829,Gas_SC→Gas,600230648.0029999
941,Eastman Cogeneration Facility,TX,32.4481,-94.6903,2001,Gas_CC,467,2560304000.0,24894178.654,1479433.551,Gas,87.54786980376409,605770.2789357756,0.3843489573509538,0.38374318707201804,Gas_CC→Gas,601710081.5539999
909,Madison,OH,39.4522,-84.4647,2000,Gas_SC,688,336247000.0,4064198.31,241521.752,Gas,87.96014100299533,126782.7779399746,0.3844757401288938,0.3843489573509538,Gas_SC→Gas,601951603.3059999
624,Brandy Branch,FL,30.320556,-81.947222,2001,Gas_CC,783,3608274000.0,35947312.271,2136338.607,Gas,88.53611727942878,905072.1365557606,0.3853808122654495,0.3844757401288938,Gas_CC→Gas,604087941.9129999
1140,Buchanan Generation LLC,VA,37.175278,-81.961388,2002,Gas_SC,88,461314000.0,4357006.208,258931.451,Gas,93.21430978054434,101515.33998777816,0.38548232760543727,0.3853808122654495,Gas_SC→Gas,604346873.3639998
926,Hawk Road Facility,GA,33.358472,-84.991391,2001,Gas_SC,495,643567000.0,7035119.319,418089.721,Gas,93.53417552470074,198482.65441237733,0.3856808102598497,0.38548232760543727,Gas_SC→Gas,604764963.0849998
579,Midulla Generating Station,FL,27.641667,-81.9625,2002,Gas_CC,1408,2970151000.0,31501150.87,1872084.595,Gas,96.0752087745679,858567.5121907601,0.38653937777204045,0.3856808102598497,Gas_CC→Gas,606637047.6799998
1142,Hardin Generator Project,MT,45.7578,-107.6,2006,Coal,115,62035000.0,764993.942,79515.822,Gas,96.09866234809168,58347.35876965542,0.3865977251308101,0.38653937777204045,Coal→Gas,606716563.5019999
875,De Pere Energy Center,WI,44.44861,-88.07204,1999,Gas_SC,192,127959000.0,1335709.702,79382.394,Wind,97.50761075601794,79382.394,0.38667710752481005,0.3865977251308101,Gas_SC→Wind,606795945.8959999
1055,Renaissance Power Plant,MI,43.1864,-84.8429,2002,Gas_SC,780,1183096000.0,12729140.542,756474.183,Gas,98.28863418643333,352761.3729094421,0.3870298688977195,0.38667710752481005,Gas_SC→Gas,607552420.0789999
597,Essex,MO,36.868206,-89.840173,1999,Gas_SC,229,91668000.0,1062467.131,63140.718,Wind,98.60715425916902,63140.718,0.3870930096157195,0.3870298688977195,Gas_SC→Wind,607615560.7969999
990,"Darby Power, LLC",OH,39.7139,-83.1778,2001,Gas_SC,564,413160000.0,4756106.0,281152.9,Gas,98.87893302814071,140168.58036996587,0.38723317819608943,0.3870930096157195,Gas_SC→Gas,607896713.6969999
866,Gordonsville Energy LP,VA,38.124688,-78.203543,1994,Gas_CC,300,1189547000.0,9992829.717,594369.426,Gas,99.15443104469108,188455.3141233705,0.38742163351021286,0.38723317819608943,Gas_CC→Gas,608491083.1229999
870,Michigan Power LP,MI,43.9375,-86.425,1995,Gas_CC,138,1084461000.0,9449816.174,561589.46,Wind,100.72117609508535,561589.46,0.3879832229702128,0.38742163351021286,Gas_CC→Wind,609052672.583
1130,Bayswater Peaking Facility LLC,NY,40.610654,-73.762218,2002,Gas_SC,60,121135000.0,1267992.191,80206.897,Gas,101.57497239039624,38871.492898963625,0.38802209446311176,0.3879832229702128,Gas_SC→Gas,609132879.4799999
864,Johnson County,TX,32.3994,-97.4078,1996,Gas_CC,282,940117000.0,7417756.133,440824.707,Wind,101.7790645953816,440824.707,0.3884629191701118,0.38802209446311176,Gas_CC→Wind,609573704.1869999
908,Rocky Road Power LLC,IL,42.0931,-88.2397,1999,Gas_SC,413,82724000.0,928948.267,55471.30300000001,Wind,102.45892235025038,55471.30300000001,0.38851839047311176,0.3884629191701118,Gas_SC→Wind,609629175.4899999
1035,Pleasants Energy LLC,WV,39.3325,-81.3642,2002,Gas_SC,344,1712479000.0,17086432.614,1015467.083,Gas,103.38381156928395,431110.6915397395,0.3889495011646515,0.38851839047311176,Gas_SC→Gas,610644642.5729998
664,West Campus Cogeneration Facility,WI,43.075071,-89.4251,2005,Gas_CC,169,448698000.0,4688450.289,278670.628,Wind,103.83098196258919,278670.628,0.3892281717926515,0.3889495011646515,Gas_CC→Wind,610923313.2009999
1212,Mustang Station Unit 4,TX,32.974554,-102.743607,2006,Gas_SC,510,1314077000.0,13702583.831,814324.963,Wind,105.31691255150103,814324.963,0.39004249675565156,0.3892281717926515,Gas_SC→Wind,611737638.1639999
1048,RockGen Energy Center,WI,42.9767,-89.0492,2001,Gas_SC,561,466185000.0,4971121.011,295658.987,Wind,106.84582536079381,295658.987,0.3903381557426515,0.39004249675565156,Gas_SC→Wind,612033297.1509999
912,Rockingham County CT Station,NC,36.3297,-79.8297,2000,Gas_SC,975,667548000.0,6862918.011,408581.996,Gas,107.29675865517878,180791.79220391606,0.39051894753485544,0.3903381557426515,Gas_SC→Gas,612441879.147
602,Henry County,IN,39.9528,-85.5039,2001,Gas_SC,180,291662000.0,2922303.334,173667.662,Wind,107.76906890294269,173667.662,0.39069261519685544,0.39051894753485544,Gas_SC→Wind,612615546.8089999
1192,Sheboygan Falls,WI,43.751826,-87.878056,2005,Gas_SC,346,604879000.0,6387969.782000001,379628.711,Wind,109.38164047155944,379628.711,0.39107224390785544,0.39069261519685544,Gas_SC→Wind,612995175.5199999
991,University Park South,IL,41.440893,-87.753189,2001,Gas_SC,348,433196000.0,4363611.899999999,257489.4,Wind,109.65643125960261,257489.4,0.3913297333078554,0.39107224390785544,Gas_SC→Wind,613252664.9199998
1285,Antelope Station,TX,33.865,-101.843333,2011,Gas_SC,162,778290000.0,6930909.28,411895.363,Wind,109.65981629729909,411895.363,0.3917416286708554,0.3913297333078554,Gas_SC→Wind,613664560.2829999
1253,Cedar Bayou 4,TX,29.751645,-94.92312,2009,Gas_CC,534,1142069000.0,12884676.997,765719.9619999999,Gas,110.1430777104033,376006.9671903536,0.39211763563804575,0.3917416286708554,Gas_CC→Gas,614430280.2449999
954,Elwood Energy LLC,IL,41.4388,-88.1236,1999,Gas_SC,1728,411708000.0,4409251.198,262031.211,Wind,110.19624884434837,262031.211,0.39237966684904574,0.39211763563804575,Gas_SC→Wind,614692311.4559999
625,Holden,MO,38.7538,-93.9983,2002,Gas_SC,321,240843000.0,2771409.671,164764.537,Wind,110.4705485739621,164764.537,0.3925444313860458,0.39237966684904574,Gas_SC→Wind,614857075.9929998
972,Wheatland Generating Facility,IN,38.6716,-87.2931,2000,Gas_SC,500,162262000.0,2031851.63,120754.458,Wind,111.36460452949976,120754.458,0.39266518584404575,0.3925444313860458,Gas_SC→Wind,614977830.4509997
872,LSP-Whitewater LP,WI,42.855463,-88.72992,1997,Gas_CC,283,907411000.0,7202000.848999999,428152.137,Wind,111.67640262828998,428152.137,0.3930933379810458,0.39266518584404575,Gas_CC→Wind,615405982.5879997
601,Tilton,IL,40.106125,-87.653818,1999,Gas_SC,188,123190000.0,1187466.184,70570.855,Wind,112.42915885818039,70570.855,0.3931639088360458,0.3930933379810458,Gas_SC→Wind,615476553.4429997
1214,Quail Run Energy Center,TX,31.8414,-102.315,2002,Gas_CC,548,1683678000.0,14628847.316,869366.746,Wind,113.44865972600874,869366.746,0.3940332755820458,0.3931639088360458,Gas_CC→Wind,616345920.1889998
666,Beatrice,NE,40.330184,-96.808153,2005,Gas_CC,245,732250000.0,6372835.377,378725.002,Wind,114.53943172004216,378725.002,0.39441200058404574,0.3940332755820458,Gas_CC→Wind,616724645.1909997
609,Sewell Creek Energy,GA,33.9486,-85.2769,2000,Gas_SC,570,426763000.0,4639901.166999999,275741.619,Gas,115.30201022627239,130115.49062776586,0.39454211607467354,0.39441200058404574,Gas_SC→Gas,617000386.8099997
1111,West Valley Generation Project,UT,40.6667,-112.0317,2001,Gas_SC,215,330479000.0,3349995.483,199087.061,Gas,115.42717365683693,86316.32577148305,0.39462843240044504,0.39454211607467354,Gas_SC→Gas,617199473.8709997
651,Evander Andrews Power Complex,ID,43.179176,-115.734315,2001,Gas_SC,269,280995000.0,2986230.084,177466.461,Wind,116.47600133846126,177466.461,0.39480589886144507,0.39462843240044504,Gas_SC→Wind,617376940.3319997
1239,Hardin County Peaking Facility,TX,30.3038,-94.2526,2001,Gas_SC,172,96045000.0,1176841.821,69936.379,Gas,116.73715179745098,37162.54082867018,0.3948430614022737,0.39480589886144507,Gas_SC→Gas,617446876.7109996
888,Mustang Station,TX,32.9728,-102.7417,1999,Gas_CC,520,1940590000.0,15329314.265,910999.778,Wind,118.20749138306974,910999.778,0.39575406118027373,0.3948430614022737,Gas_CC→Wind,618357876.4889996
982,Lee Energy Facility,IL,41.8287,-89.4054,2001,Gas_SC,688,273592000.0,3387296.152,201305.252,Wind,118.28366895931944,201305.252,0.3959553664322737,0.39575406118027373,Gas_SC→Wind,618559181.7409996
1034,Troy Energy LLC,OH,41.47724,-83.45983,2002,Gas_SC,792,942112000.0,9615268.879,571792.094,Wind,118.42803813661611,571792.094,0.3965271585262737,0.3959553664322737,Gas_SC→Wind,619130973.8349996
639,Brentwood,NY,40.787062,-73.293412,2001,Gas_SC,47,92521000.0,870958.567,51758.055,Wind,119.14073952561178,51758.055,0.3965789165812737,0.3965271585262737,Gas_SC→Wind,619182731.8899995
1221,Hobbs Generating Station,NM,32.728333,-103.309444,2008,Gas_CC,679,3905790000.0,33968382.615,2018692.626,Wind,119.31886885931952,2018692.626,0.39859760920727366,0.3965789165812737,Gas_CC→Wind,621201424.5159996
1068,Elgin Energy Center LLC,IL,42.000061,-88.244572,2002,Gas_SC,540,390722000.0,4420334.302,262695.088,Wind,119.53920569332587,262695.088,0.39886030429527364,0.39859760920727366,Gas_SC→Wind,621464119.6039996
1300,W.A. Parish Carbon Capture Plant,TX,29.475278,-95.634167,2013,Gas_SC,102,154859000.0,1955909.002,116237.519,Gas,119.60780721698771,63394.332937488,0.39892369862821114,0.39886030429527364,Gas_SC→Gas,621580357.1229997
1287,Lonesome Creek Station,ND,47.796667,-103.57861,2013,Gas_SC,300,821494000.0,7924271.921,470934.657,Wind,120.00968221020199,470934.657,0.39939463328521113,0.39892369862821114,Gas_SC→Wind,622051291.7799996
1304,Ector County Energy Center,TX,32.069167,-102.585556,2015,Gas_SC,358,700927000.0,7569973.618,449879.925,Wind,120.44495326592973,449879.925,0.39984451321021114,0.39939463328521113,Gas_SC→Wind,622501171.7049996
586,SCA Cogen 2,CA,38.530943,-121.400128,1997,Gas_CC,191,669426000.0,5791207.806,344162.804,Gas,121.38114562678453,115731.76238741592,0.3999602449725986,0.39984451321021114,Gas_CC→Gas,622845334.5089996
462,Manatee,FL,27.6058,-82.3456,1976,Gas_SC,2949,9844684000.0,74676196.824,4450233.3780000005,Gas,121.43386676769151,1090890.5671938164,0.4010511355397924,0.3999602449725986,Gas_SC→Gas,627295567.8869996
1115,University Park North,IL,41.4425,-87.7514,2002,Gas_SC,720,858680000.0,8143022.589,483947.538,Wind,122.74890105631157,483947.538,0.40153508307779234,0.4010511355397924,Gas_SC→Wind,627779515.4249996
660,Greater Des Moines,IA,41.5563,-93.5283,2003,Gas_CC,575,457689000.0,4992929.627,296722.743,Wind,123.27569096901146,296722.743,0.4018318058207923,0.40153508307779234,Gas_CC→Wind,628076238.1679996
566,State Line Combined Cycle,MO,37.0659,-94.614,1995,Gas_CC,690,2964912000.0,19529633.906,1160668.171,Wind,123.8348434579822,1160668.171,0.40299247399179233,0.4018318058207923,Gas_CC→Wind,629236906.3389996
910,Vermillion Energy Facility,IN,39.922328,-87.446358,2000,Gas_SC,688,179339000.0,2135816.564,126927.216,Wind,124.68748875090012,126927.216,0.4031194012077923,0.40299247399179233,Gas_SC→Wind,629363833.5549996
865,Brandywine Power Facility,MD,38.6681,-76.8678,1996,Gas_CC,287,621627000.0,4892636.1850000005,290958.975,Wind,125.16691169032877,290958.975,0.40341036018279236,0.4031194012077923,Gas_CC→Wind,629654792.5299996
1089,Kiamichi Energy Facility,OK,34.6831,-95.9349,2003,Gas_CC,1366,5360668000.0,41298343.444,2454302.362,Wind,125.55612416702265,2454302.362,0.40586466254479237,0.40341036018279236,Gas_CC→Wind,632109094.8919996
984,NRG Rockford I,IL,42.238558,-89.101202,2000,Gas_SC,316,137074000.0,1395210.9740000002,82914.214,Wind,125.57255361470635,82914.214,0.40594757675879234,0.40586466254479237,Gas_SC→Wind,632192009.1059996
871,LSP-Cottage Grove LP,MN,44.7956,-92.9119,1997,Gas_CC,283,721512000.0,5574905.348999999,331309.643,Wind,125.73773855222838,331309.643,0.4062788864017923,0.40594757675879234,Gas_CC→Wind,632523318.7489996
676,Emery Station,IA,43.094,-93.292222,2004,Gas_CC,602,2657240000.0,19742336.388,1173262.183,Wind,126.0063018835291,1173262.183,0.4074521485847924,0.4062788864017923,Gas_CC→Wind,633696580.9319996
971,Ennis Power Company LLC,TX,32.32,-96.675,2002,Gas_CC,418,859613000.0,7014038.985,416834.635,Wind,126.03422356374267,416834.635,0.40786898321979237,0.4074521485847924,Gas_CC→Wind,634113415.5669996
913,RS Cogen,LA,30.221,-93.2992,2002,Gas_CC,493,2780683000.0,25617820.258,1522424.954,Gas,126.48686748760362,573560.8314765169,0.4084425440512689,0.40786898321979237,Gas_CC→Gas,635635840.5209996
983,Energy Shelby County,IL,39.2794,-88.4772,2000,Gas_SC,480,331805000.0,3069795.5,181122.5,Wind,126.6391886886946,181122.5,0.40862366655126886,0.4084425440512689,Gas_SC→Wind,635816963.0209996
1043,Gans,PA,39.7475,-79.838888,2000,Gas_SC,86,207691000.0,2013410.143,119653.753,Gas,126.9129814715761,48782.481995349444,0.4086724490332642,0.40862366655126886,Gas_SC→Gas,635936616.7739996
939,Bosque County Peaking,TX,31.8594,-97.3586,2000,Gas_CC,807,3971665000.0,30634795.32,1820587.018,Wind,127.01789621298306,1820587.018,0.41049303605126425,0.4086724490332642,Gas_CC→Wind,637757203.7919996
649,Solway CT,MN,47.544582,-95.129652,2003,Gas_SC,51,56922000.0,523406.292,31105.411,Wind,127.2101670871445,31105.411,0.41052414146226424,0.41049303605126425,Gas_SC→Wind,637788309.2029996
1303,Lansing BWL REO Town Plant,MI,42.719722,-84.551667,2013,Gas_CC,98,581255000.0,5085480.1,302219.761,Wind,127.32115604247916,302219.761,0.4108263612232642,0.41052414146226424,Gas_CC→Wind,638090528.9639996
878,Mid-Georgia Cogeneration Facility,GA,32.4856,-83.6039,1997,Gas_CC,322,147133000.0,1201021.919,71513.678,Wind,127.42999842257814,71513.678,0.41089787490126417,0.4108263612232642,Gas_CC→Wind,638162042.6419996
951,Springdale 1 & 2,PA,40.546667,-79.768333,1999,Gas_SC,86,170621000.0,1629611.879,96846.165,Gas,127.5111747577473,38624.445570248674,0.4109364993468344,0.41089787490126417,Gas_SC→Gas,638258888.8069996
1092,Limon Generating Station,CO,39.2038,-103.7005,2002,Gas_SC,154,71243000.0,874973.2860000001,52077.904,Wind,128.17220456797847,52077.904,0.41098857725083443,0.4109364993468344,Gas_SC→Wind,638310966.7109996
1051,Crossroads Energy Center,MS,34.183,-90.5621,2002,Gas_SC,304,123895000.0,1577082.507,93726.843,Wind,128.2903655265259,93726.843,0.4110823040938344,0.41098857725083443,Gas_SC→Wind,638404693.5539997
899,Midlothian Energy Facility,TX,32.4302,-97.0537,2000,Gas_CC,1734,4080310000.0,30079046.604,1787556.582,Wind,128.36102187651454,1787556.582,0.4128698606758344,0.4110823040938344,Gas_CC→Wind,640192250.1359997
815,Texas City Power Plant,TX,29.378697,-94.943829,1987,Gas_CC,450,2498476000.0,18672472.948,1109683.367,Wind,128.36981555953295,1109683.367,0.4139795440428344,0.4128698606758344,Gas_CC→Wind,641301933.5029997
1073,Fountain Valley Power Facility,CO,38.5569,-104.6875,2001,Gas_SC,228,162596000.0,1789184.101,106332.457,Gas,128.38701285364135,50849.14197781723,0.4140303931848123,0.4139795440428344,Gas_SC→Gas,641408265.9599997
632,Terry Bundy Generating Station,NE,40.909653,-96.613086,2003,Gas_CC,212,161554000.0,1617826.487,96150.778,Wind,128.4955734749245,96150.778,0.41412654396281223,0.4140303931848123,Gas_CC→Wind,641504416.7379997
618,Remington,VA,38.5442,-77.7714,2000,Gas_SC,704,720233000.0,7055949.974,419713.811,Gas,128.795823287979,173945.68368830867,0.4143004896465005,0.41412654396281223,Gas_SC→Gas,641924130.5489997
896,Zeeland Generating Station,MI,42.8206,-85.9975,2001,Gas_CC,965,4154187000.0,32988972.173,1960485.28,Wind,128.8762578972317,1960485.28,0.4162609749265005,0.4143004896465005,Gas_CC→Wind,643884615.8289996
943,Dogwood Energy Facility,MO,38.7931,-94.3006,2001,Gas_CC,630,2210150000.0,16091225.231,956276.316,Wind,128.90979584081282,956276.316,0.4172172512425005,0.4162609749265005,Gas_CC→Wind,644840892.1449996
581,Combustion Turbine Project No 2,CA,38.088138,-121.386944,1996,Gas_SC,50,36125000.0,277134.767,16469.095,Gas,129.53833314526563,4142.009738515386,0.417221393252239,0.4172172512425005,Gas_SC→Gas,644857361.2399997
1076,Redbud Power Plant,OK,35.6856,-97.2264,2004,Gas_CC,1428,6086733000.0,44912352.005,2669066.3,Wind,130.60241826277715,2669066.3,0.419890459552239,0.417221393252239,Gas_CC→Wind,647526427.5399996
845,Sithe Independence Station,NY,43.495,-76.4511,1994,Gas_CC,1084,4214176000.0,29589731.873,1758469.349,Wind,130.898470754043,1758469.349,0.42164892890123895,0.419890459552239,Gas_CC→Wind,649284896.8889996
1109,Combined Locks Energy Center,WI,44.2717,-88.3011,2002,Gas_CC,66,510036000.0,3742217.103,222398.794,Wind,130.96783821488182,222398.794,0.421871327695239,0.42164892890123895,Gas_CC→Wind,649507295.6829996
973,Oneta Energy Center,OK,36.0119,-95.6967,2002,Gas_CC,1214,6575696000.0,47218564.498,2806134.957,Wind,131.19470956399883,2806134.957,0.42467746265223905,0.421871327695239,Gas_CC→Wind,652313430.6399996
975,Greenville Electric Generating Station,OH,40.075783,-84.615136,2000,Gas_SC,236,104257000.0,1006238.3,59385.0,Wind,131.19642124934978,59385.0,0.424736847652239,0.42467746265223905,Gas_SC→Wind,652372815.6399996
652,Kemper County,MS,32.7976,-88.606,2002,Gas_SC,372,237128000.0,2844636.671,169112.43,Gas,131.46296105874754,88196.24802393567,0.42482504390026293,0.424736847652239,Gas_SC→Gas,652541928.0699996
1119,Chambersburg,PA,39.866944,-77.685833,2001,Gas_SC,86,244839000.0,2372710.203,141002.856,Gas,131.9937030995187,57455.41715331124,0.42488249931741623,0.42482504390026293,Gas_SC→Gas,652682930.9259995
1003,Aurora,IL,41.8151,-88.2265,2001,Gas_SC,1080,824938000.0,7770818.632,461804.32,Wind,132.32818967539274,461804.32,0.42534430363741627,0.42488249931741623,Gas_SC→Wind,653144735.2459996
1033,Armstrong,PA,40.638021,-79.351725,2002,Gas_SC,688,1193104000.0,11962091.217,711238.865,Wind,132.88305623370172,711238.865,0.42605554250241623,0.42534430363741627,Gas_SC→Wind,653855974.1109996
1080,Neil Simpson Gas Turbine #2,WY,44.285,-105.3786,2001,Gas_SC,40,15945000.0,168852.662,10034.43,Wind,133.11896000132631,10034.43,0.42606557693241626,0.42605554250241623,Gas_SC→Wind,653866008.5409995
1049,Zion Energy Center,IL,42.4776,-87.895,2002,Gas_SC,990,582706000.0,6015143.555,358080.61600000004,Wind,133.59910662276866,358080.61600000004,0.42642365754841627,0.42606557693241626,Gas_SC→Wind,654224089.1569996
1257,Dave Gates Generating Station,MT,46.104713,-112.876605,2011,Gas_SC,201,186002000.0,2343425.061,139263.304,Wind,134.44092648836468,139263.304,0.42656292085241626,0.42642365754841627,Gas_SC→Wind,654363352.4609996
1083,Forney Energy Center,TX,32.7563,-96.4916,2003,Gas_CC,1892,10668173000.0,75053854.56,4460347.393,Wind,134.65945233021742,4460347.393,0.43102326824541626,0.42656292085241626,Gas_CC→Wind,658823699.8539996
959,Corpus Christi Energy Center,TX,27.8139,-97.4283,2002,Gas_CC,591,2744112000.0,21227036.807,1261492.905,Wind,134.6870876969488,1261492.905,0.43228476115041625,0.43102326824541626,Gas_CC→Wind,660085192.7589996
980,Handsome Lake Energy LLC,PA,41.2908,-79.8061,2001,Gas_SC,290,130701000.0,1504550.1,88819.6,Wind,134.72606633982903,88819.6,0.43237358075041626,0.43228476115041625,Gas_SC→Wind,660174012.3589996
874,Dighton Power Plant,MA,41.8312,-71.1239,1999,Gas_CC,200,216922000.0,1689282.333,100391.37,Wind,135.38977797982437,100391.37,0.4324739721204163,0.43237358075041626,Gas_CC→Wind,660274403.7289996
1022,Wise County Power LLC,TX,33.0583,-97.9103,2004,Gas_CC,821,2545713000.0,18212781.737,1082361.37,Wind,135.39503360671193,1082361.37,0.4335563334904163,0.4324739721204163,Gas_CC→Wind,661356765.0989996
1000,Jackson Generating Station,MI,42.2488,-84.3767,2002,Gas_CC,649,1874495000.0,14706656.312,873996.483,Wind,135.7515323535448,873996.483,0.4344303299734163,0.4335563334904163,Gas_CC→Wind,662230761.5819997
928,Green Country Energy LLC,OK,35.9833,-95.9346,2002,Gas_CC,903,4330907000.0,30928885.454,1838053.253,Wind,135.81182806801863,1838053.253,0.4362683832264163,0.4344303299734163,Gas_CC→Wind,664068814.8349997
599,Chouteau,OK,36.222058,-95.277064,2000,Gas_CC,1068,6282371000.0,43467959.588,2583233.637,Wind,135.86719817236065,2583233.637,0.43885161686341634,0.4362683832264163,Gas_CC→Wind,666652048.4719996
604,Sowega Power,GA,31.3869,-84.08,1999,Gas_SC,98,76468000.0,731632.018,43481.607,Wind,136.20596172206396,43481.607,0.4388950984704163,0.43885161686341634,Gas_SC→Wind,666695530.0789996
1320,Alpine Power Plant,MI,45.063748,-84.825348,2016,Gas_SC,452,812703000.0,8352632.0,492823.2,Wind,136.46028286573267,492823.2,0.4393879216704163,0.4388950984704163,Gas_SC→Wind,667188353.2789997
998,Edward L. Addison Generating Plant,GA,32.9111,-84.3064,2000,Gas_SC,700,369666000.0,3899301.86,231913.1,Wind,137.7427780503256,231913.1,0.43961983477041633,0.4393879216704163,Gas_SC→Wind,667420266.3789997
636,McCartney,MO,37.248431,-93.170839,2002,Gas_SC,116,41516000.0,473450.383,28137.892,Wind,137.99734837590694,28137.892,0.43964797266241634,0.43961983477041633,Gas_SC→Wind,667448404.2709997
964,Odessa-Ector Power Plant,TX,31.8403,-102.3264,2001,Gas_CC,1152,6953503000.0,47080164.321,2797912.954,Wind,138.49973714342207,2797912.954,0.44244588561641635,0.43964797266241634,Gas_CC→Wind,670246317.2249997
1169,Cass County,NE,40.947913,-95.964026,2003,Gas_SC,344,160325000.0,1755292.227,104314.975,Wind,138.9110847756728,104314.975,0.44255020059141637,0.44244588561641635,Gas_SC→Wind,670350632.1999997
1040,Exelon LaPorte Generating Station,TX,29.7028,-95.0718,2001,Gas_SC,236,94127000.0,1125209.3,66387.1,Wind,138.93808192206464,66387.1,0.4426165876914164,0.44255020059141637,Gas_SC→Wind,670417019.2999997
619,Ladysmith,VA,38.0722,-77.5133,2001,Gas_SC,890,1184227000.0,11435831.524,682849.364,Wind,139.06463594584218,682849.364,0.4432994370554164,0.4426165876914164,Gas_SC→Wind,671099868.6639997
1118,Spring Creek Energy Center,OK,35.7422,-97.655,2001,Gas_SC,336,64463000.0,822285.711,48867.08,Wind,139.10696001913396,48867.08,0.44334830413541637,0.4432994370554164,Gas_SC→Wind,671148735.7439997
1143,Edgewood Energy LLC,NY,40.7861,-73.2931,2002,Gas_SC,100,91805000.0,864144.7660000001,51354.894,Wind,139.51313252716258,51354.894,0.44339965902941636,0.44334830413541637,Gas_SC→Wind,671200090.6379998
1215,Colorado Bend Energy Center,TX,29.2878,-96.0683,2002,Gas_CC,580,2293136000.0,18406654.52,1093882.665,Wind,139.86957237312396,1093882.665,0.4444935416944164,0.44339965902941636,Gas_CC→Wind,672293973.3029997
901,Lamar Power Project,TX,33.6308,-95.59,2000,Gas_CC,1112,7187123000.0,49674214.115,2952070.291,Wind,139.94784133663285,2952070.291,0.44744561198541644,0.4444935416944164,Gas_CC→Wind,675246043.5939997
929,Worthington Generation LLC,IN,39.0708,-87.0128,2000,Gas_SC,240,95129000.0,936982.016,55684.343,Wind,140.10364301111687,55684.343,0.4475012963284164,0.44744561198541644,Gas_SC→Wind,675301727.9369998
935,Calcasieu,LA,30.1608,-93.345,2000,Gas_SC,358,85015000.0,977380.331,58082.714,Wind,140.70924830254856,58082.714,0.4475593790424164,0.4475012963284164,Gas_SC→Wind,675359810.6509998
889,Maine Independence Station,ME,44.8242,-68.7094,2000,Gas_CC,548,114875000.0,1379044.941,81954.866,Wind,140.74220208295782,81954.866,0.4476413339084164,0.4475593790424164,Gas_CC→Wind,675441765.5169998
1299,Charles D. Lamb Energy Center,OK,36.813889,-97.125278,2015,Gas_SC,122,118247000.0,1401776.227,83307.952,Wind,140.80929988225614,83307.952,0.44772464186041644,0.4476413339084164,Gas_SC→Wind,675525073.4689999
977,Jack County,TX,33.101,-97.9574,2006,Gas_CC,1280,3449553000.0,24172733.752,1436549.3739999998,Wind,141.15566117791107,1436549.3739999998,0.44916119123441645,0.44772464186041644,Gas_CC→Wind,676961622.8429998
7,J K Smith,KY,37.8833,-84.1017,1999,Gas_SC,1663,333852000.0,3852807.891,229094.517,Wind,142.44274846099847,229094.517,0.44939028575141643,0.44916119123441645,Gas_SC→Wind,677190717.3599998
1021,Fore River Generating Station,MA,42.2422,-70.9661,2003,Gas_CC,871,3410507000.0,24815891.781,1475845.104,Wind,142.9701174761164,1475845.104,0.45086613085541644,0.44939028575141643,Gas_CC→Wind,678666562.4639997
1135,Allegheny Energy Units 3 4 & 5,PA,40.545278,-79.768611,2003,Gas_CC,556,2953703000.0,27488148.366,1633579.8,Wind,143.19003204030423,1633579.8,0.45249971065541644,0.45086613085541644,Gas_CC→Wind,680300142.2639997
932,Guadalupe Generating Station,TX,29.6244,-98.1419,2000,Gas_CC,1086,6232194000.0,48079114.507,2857265.997,Wind,144.28232843569782,2857265.997,0.4553569766524164,0.45249971065541644,Gas_CC→Wind,683157408.2609997
1185,Mankato Energy Center,MN,44.1988,-94.003,2006,Gas_CC,740,2908179000.0,20908426.906,1242560.548,Wind,144.47829422691507,1242560.548,0.4565995372004164,0.4553569766524164,Gas_CC→Wind,684399968.8089997
920,Kendall County Generation Facility,IL,41.4797,-88.2581,2002,Gas_CC,1256,7782079000.0,56452603.929,3354898.6380000003,Wind,145.56672560364214,3354898.6380000003,0.4599544358384164,0.4565995372004164,Gas_CC→Wind,687754867.4469997
989,Doyle Energy Facility,GA,33.837699,-83.699577,2000,Gas_SC,406,117900000.0,1348435.336,80135.409,Wind,145.75688568369807,80135.409,0.46003457124741637,0.4599544358384164,Gas_SC→Wind,687835002.8559997
758,Linden Cogen Plant,NJ,40.6322,-74.2156,1992,Gas_CC,972,7062279000.0,48924010.625,2908231.739,Wind,146.37569183075547,2908231.739,0.4629428029864164,0.46003457124741637,Gas_CC→Wind,690743234.5949997
895,Gregory Power Plant,TX,27.88929,-97.258417,2000,Gas_CC,432,645490000.0,4464191.792,265300.42000000004,Wind,146.53926777604883,265300.42000000004,0.46320810340641644,0.4629428029864164,Gas_CC→Wind,691008535.0149996
885,Tenaska Frontier Generation Station,TX,30.5924,-95.9178,2000,Gas_CC,939,3795586000.0,27085063.826,1609632.521,Wind,146.57966488705233,1609632.521,0.46481773592741643,0.46320810340641644,Gas_CC→Wind,692618167.5359997
1015,New Covert Generating Facility,MI,42.32238,-86.29368,2004,Gas_CC,1176,7411165000.0,51766839.03,3076430.652,Wind,147.12493109546708,3076430.652,0.46789416657941646,0.46481773592741643,Gas_CC→Wind,695694598.1879996
634,Sand Hill,TX,30.2098,-97.6129,2001,Gas_CC,694,1653851000.0,12772728.073,759015.837,Wind,147.72734344432902,759015.837,0.46865318241641646,0.46789416657941646,Gas_CC→Wind,696453614.0249996
1116,Riverside Energy Center,WI,42.583056,-89.035833,2004,Gas_CC,673,4362818000.0,30064839.438,1786707.467,Wind,148.25431943236322,1786707.467,0.47043988988341645,0.46865318241641646,Gas_CC→Wind,698240321.4919996
1242,Deer Creek Station,SD,44.290833,-96.526667,2012,Gas_CC,324,781776000.0,6080891.311,361376.841,Wind,148.4766596736628,361376.841,0.47080126672441647,0.47043988988341645,Gas_CC→Wind,698601698.3329996
883,Tiverton Power Plant,RI,41.6422,-71.1706,2000,Gas_CC,544,1634259000.0,11355303.976,674833.269,Wind,148.6621378808386,674833.269,0.4714760999934165,0.47080126672441647,Gas_CC→Wind,699276531.6019996
886,Batesville Generation Facility,MS,34.3356,-89.9275,2000,Gas_CC,1180,3964559000.0,31032589.753,1844228.465,Wind,148.95394318356156,1844228.465,0.4733203284584165,0.4714760999934165,Gas_CC→Wind,701120760.0669997
588,St Francis Energy Facility,MO,36.5852,-90.1779,1999,Gas_CC,506,985606000.0,7230221.97,429682.715,Wind,149.28484122006955,429682.715,0.4737500111734164,0.4733203284584165,Gas_CC→Wind,701550442.7819997
907,Rhode Island State Energy Center,RI,41.8017,-71.5186,2002,Gas_CC,596,3718519000.0,25045021.176,1488389.885,Wind,149.48644618395713,1488389.885,0.4752384010584164,0.4737500111734164,Gas_CC→Wind,703038832.6669997
1018,Baconton Power Plant,GA,31.3869,-84.08,2000,Gas_SC,240,153500000.0,1459241.299,86724.126,Wind,149.62118125490937,86724.126,0.4753251251844164,0.4752384010584164,Gas_SC→Wind,703125556.7929997
937,Bastrop Energy Center,TX,30.1458,-97.55,2002,Gas_CC,618,2650673000.0,18743972.082,1113936.983,Wind,149.83840021659267,1113936.983,0.4764390621674164,0.4753251251844164,Gas_CC→Wind,704239493.7759998
1310,Holland Energy Park,MI,42.7925,-86.092222,2017,Gas_CC,149,830062000.0,5984614.214,355654.299,Wind,149.99676859670015,355654.299,0.4767947164664164,0.4764390621674164,Gas_CC→Wind,704595148.0749998
611,Fulton (AR),AR,33.6094,-93.7924,2001,Gas_SC,154,73745000.0,752603.74,44726.938,Wind,150.9404512722641,44726.938,0.4768394434044164,0.4767947164664164,Gas_SC→Wind,704639875.0129998
1028,Holland Energy Facility,IL,39.223144,-88.758406,2002,Gas_CC,701,2396014000.0,16862714.759999998,1002133.715,Wind,151.08764470613582,1002133.715,0.47784157711941644,0.4768394434044164,Gas_CC→Wind,705642008.7279998
681,Pouch,NY,40.6182,-74.06849,2001,Gas_SC,47,70294000.0,656805.624,39045.315,Wind,151.95917389556382,39045.315,0.4778806224344164,0.47784157711941644,Gas_SC→Wind,705681054.0429999
1030,Dell Power Station,AR,35.8619,-90.0253,2007,Gas_CC,678,2887799000.0,21468053.054,1275819.427,Wind,152.3366187187808,1275819.427,0.4791564418614164,0.4778806224344164,Gas_CC→Wind,706956873.4699999
1081,Lange Gas Turbines,SD,44.1203,-103.26,2002,Gas_SC,40,40236000.0,375206.784,22296.534,Wind,152.3492702388988,22296.534,0.47917873839541636,0.4791564418614164,Gas_SC→Wind,706979170.004
1289,Panda Temple Power Station,TX,31.055833,-97.317222,2014,Gas_CC,1606,5626809000.0,42995459.605,2555158.964,Wind,152.48024184590423,2555158.964,0.48173389735941635,0.47917873839541636,Gas_CC→Wind,709534328.9679999
1093,Frank Knutson,CO,39.941129,-104.682015,2002,Gas_SC,154,73771000.0,912492.099,54291.524,Gas,153.94055299647934,29118.336267820578,0.4817630156956842,0.48173389735941635,Gas_SC→Gas,709588620.492
1138,Bennett Mountain,ID,43.147153,-115.666637,2005,Gas_SC,392,315698000.0,3400267.35,202071.538,Wind,153.9941084482142,202071.538,0.4819650872336842,0.4817630156956842,Gas_SC→Wind,709790692.03
1281,Cheyenne Prairie Generating Station,WY,41.123611,-104.72,2014,Gas_SC,220,284687000.0,2791108.734,165867.066,Wind,154.210506592435,165867.066,0.48213095429968417,0.4819650872336842,Gas_SC→Wind,709956559.096
608,Sherwood H Smith Jr Energy Complex,NC,34.8392,-79.7406,2001,Gas_CC,2241,7720048000.0,65330394.147,3883258.789,Wind,154.36166423194652,3883258.789,0.48601421308868414,0.48213095429968417,Gas_CC→Wind,713839817.885
199,Delray,MI,42.2947,-83.1019,2000,Gas_SC,142,38278000.0,420078.95,24966.0,Wind,155.38917363395316,24966.0,0.48603917908868416,0.48601421308868414,Gas_SC→Wind,713864783.885
640,Hell Gate,NY,40.799,-73.9094,2001,Gas_SC,94,72684000.0,674065.1440000001,40058.627,Wind,155.69186261128235,40058.627,0.4860792377156841,0.48603917908868416,Gas_SC→Wind,713904842.512
1191,Faribault Energy Park,MN,44.3356,-93.290556,2005,Gas_CC,334,730686000.0,5139678.28,305444.77,Wind,156.39918865658422,305444.77,0.4863846824856841,0.4860792377156841,Gas_CC→Wind,714210287.282
918,Walton County Power LLC,GA,33.8148,-83.6954,2001,Gas_SC,492,318036000.0,3151280.794,187275.659,Wind,156.44798822617415,187275.659,0.48657195814468407,0.4863846824856841,Gas_SC→Wind,714397562.941
925,Wolf Hollow I LP,TX,32.33422,-97.731686,2003,Gas_CC,786,2140053000.0,15627527.446,928720.487,Wind,156.85865517769926,928720.487,0.48750067863168406,0.48657195814468407,Gas_CC→Wind,715326283.428
921,Tenaska Gateway Generating Station,TX,32.017826,-94.619743,2001,Gas_CC,939,4216745000.0,30123587.635,1790567.149,Wind,157.22828372845063,1790567.149,0.48929124578068406,0.48750067863168406,Gas_CC→Wind,717116850.577
974,Freestone Energy Center,TX,31.8907,-96.1131,2002,Gas_CC,1032,7015915000.0,48468395.127,2880402.058,Wind,157.419361330646,2880402.058,0.49217164783868406,0.48929124578068406,Gas_CC→Wind,719997252.635
1231,Emporia Energy Center,KS,38.445883,-96.065247,2008,Gas_SC,729,434267000.0,4931796.397,293090.158,Wind,157.46070311392015,293090.158,0.49246473799668405,0.49217164783868406,Gas_SC→Wind,720290342.793
774,Indeck Corinth Energy Center,NY,43.25,-73.8125,1995,Gas_CC,147,391328000.0,3143564.2,186815.925,Wind,157.64515804441425,186815.925,0.4926515539216841,0.49246473799668405,Gas_CC→Wind,720477158.7179999
976,Montpelier Electric Generating Station,IN,40.6206,-85.3057,2001,Gas_SC,472,156264000.0,1530873.8,90326.7,Wind,157.72012161449922,90326.7,0.49274188062168406,0.4926515539216841,Gas_SC→Wind,720567485.418
1290,Panda Sherman Power Station,TX,33.582573,-96.617893,2014,Gas_CC,803,2800004000.0,19063492.143,1132914.982,Wind,157.7836189418308,1132914.982,0.4938747956036841,0.49274188062168406,Gas_CC→Wind,721700400.4
1127,Bethlehem Power Plant,PA,40.6175,-75.3147,2002,Gas_CC,1152,5848239000.0,45317513.271,2693975.381,Wind,157.85532822602386,2693975.381,0.49656877098468405,0.4938747956036841,Gas_CC→Wind,724394375.781
1296,Marshalltown Generating Station,IA,42.043333,-92.872778,2017,Gas_CC,706,2737902000.0,19623687.102,1166207.249,Wind,157.89025474916434,1166207.249,0.49773497823368407,0.49656877098468405,Gas_CC→Wind,725560583.03
914,Magic Valley Generating Station,TX,26.3403,-98.19,2002,Gas_CC,801,3521852000.0,23012859.884,1367622.259,Wind,159.19575769187412,1367622.259,0.49910260049268407,0.49773497823368407,Gas_CC→Wind,726928205.2889999
1204,Cannon Falls Energy Center,MN,44.536688,-92.915528,2008,Gas_SC,346,226931000.0,2599902.5,153397.7,Wind,159.40429129889537,153397.7,0.49925599819268407,0.49910260049268407,Gas_SC→Wind,727081602.989
643,Talbot County Energy,GA,32.5892,-84.6917,2002,Gas_SC,726,504779000.0,5623401.582,334272.254,Wind,160.2548159148244,334272.254,0.4995902704466841,0.49925599819268407,Gas_SC→Wind,727415875.2429999
1161,NRG Rockford II Energy Center,IL,42.2383,-89.1011,2002,Gas_SC,168,88802000.0,825181.8539999999,49038.782,Wind,160.35094837989672,49038.782,0.49963930922868405,0.4995902704466841,Gas_SC→Wind,727464914.0249999
927,Hays Energy Project,TX,29.7806,-97.9894,2002,Gas_CC,986,2482393000.0,18268292.329,1085662.021,Wind,160.94831644613495,1085662.021,0.5007249712496841,0.49963930922868405,Gas_CC→Wind,728550576.0459999
880,Bridgeport Energy Project,CT,41.1692,-73.1844,1998,Gas_CC,520,1969610000.0,13297680.06,790261.426,Wind,160.95999959899044,790261.426,0.5015152326756841,0.5007249712496841,Gas_CC→Wind,729340837.4719999
1256,CPV St Charles Energy Center,MD,38.5686,-76.8919,2017,Gas_CC,774,3236777000.0,26727342.417,1588380.536,Wind,160.99048497539115,1588380.536,0.5031036132116841,0.5015152326756841,Gas_CC→Wind,730929218.0079999
1146,Marcus Hook Energy LP,PA,39.807038,-75.421606,2004,Gas_CC,835,5430032000.0,36703298.058,2181224.926,Wind,161.4572420583664,2181224.926,0.5052848381376841,0.5031036132116841,Gas_CC→Wind,733110442.9339999
546,Harry Allen,NV,36.430554,-114.902405,1995,Gas_CC,743,3529996000.0,25457435.529,1512898.14,Wind,161.53769413355963,1512898.14,0.5067977362776841,0.5052848381376841,Gas_CC→Wind,734623341.0739999
638,Joseph J Seymour Power Project,NY,40.6631,-74.0,2001,Gas_SC,94,120366000.0,1123142.414,66746.553,Wind,161.8744820464641,66746.553,0.5068644828306841,0.5067977362776841,Gas_SC→Wind,734690087.6269999
642,North 1st,NY,40.7171,-73.9664,2001,Gas_SC,47,55257000.0,520139.494,30911.431,Wind,161.92523641028362,30911.431,0.5068953942616841,0.5068644828306841,Gas_SC→Wind,734720999.0579998
1024,Baytown Energy Center,TX,29.7731,-94.9019,2002,Gas_CC,932,5145459000.0,36713138.949,2181804.809,Wind,162.18141868089,2181804.809,0.509077199070684,0.5068953942616841,Gas_CC→Wind,736902803.8669999
1023,Chuck Lenzie Generating Station,NV,36.383719,-114.921779,2006,Gas_CC,1462,6351277000.0,46868347.229,2785324.351,Wind,162.24890287869434,2785324.351,0.511862523421684,0.509077199070684,Gas_CC→Wind,739688128.2179998
488,Fort St Vrain,CO,40.2461,-104.8742,1996,Gas_CC,1147,3805730000.0,30889043.449,1835692.174,Gas,162.2981979428921,537046.964527617,0.5123995703862116,0.511862523421684,Gas_CC→Gas,741523820.3919998
1177,Fox Energy Center,WI,44.3204,-88.208889,2005,Gas_CC,617,4571017000.0,29041696.1,1725908.957,Wind,162.31464290169401,1725908.957,0.5141254793432117,0.5123995703862116,Gas_CC→Wind,743249729.3489999
1103,York Energy Center,PA,39.7375,-76.306666,2011,Gas_CC,1567,8874289000.0,64747458.556,3847909.297,Wind,162.6107231389535,3847909.297,0.5179733886402117,0.5141254793432117,Gas_CC→Wind,747097638.6459999
641,Harlem River Yard,NY,40.7991,-73.9156,2001,Gas_SC,94,68281000.0,612916.188,36424.699,Wind,162.69054697173263,36424.699,0.5180098133392117,0.5179733886402117,Gas_SC→Wind,747134063.3449999
1132,Fremont Energy Center,OH,41.377116,-83.161388,2012,Gas_CC,738,3571018000.0,25072740.031,1490052.956,Wind,163.78174389789902,1490052.956,0.5194998662952117,0.5180098133392117,Gas_CC→Wind,748624116.3009999
948,Cordova Energy,IL,41.712216,-90.279679,2001,Gas_CC,611,2040038000.0,13538132.796,804562.545,Wind,163.80928858954078,804562.545,0.5203044288402117,0.5194998662952117,Gas_CC→Wind,749428678.8459998
1078,Ouachita,LA,32.7061,-92.0683,2002,Gas_CC,903,3486067000.0,26487928.882,1574139.764,Wind,163.84837007365093,1574139.764,0.5218785686042117,0.5203044288402117,Gas_CC→Wind,751002818.6099999
890,Pine Bluff Energy Center,AR,34.2181,-91.9025,2001,Gas_CC,236,1824535000.0,12525257.621,744360.373,Wind,164.3427465193821,744360.373,0.5226229289772117,0.5218785686042117,Gas_CC→Wind,751747178.9829999
950,Ontelaunee Energy Center,PA,40.4219,-75.9356,2002,Gas_CC,728,4025555000.0,28007205.096,1664428.814,Wind,164.36161174972915,1664428.814,0.5242873577912117,0.5226229289772117,Gas_CC→Wind,753411607.7969999
1007,Big Sandy Peaker Plant,WV,38.3441,-82.5938,2001,Gas_SC,348,269174000.0,2687489.8,158624.9,Wind,164.60941896346955,158624.9,0.5244459826912117,0.5242873577912117,Gas_SC→Wind,753570232.6969999
659,Kalkaska CT #1,MI,44.6889,-85.2019,2002,Gas_SC,60,24984000.0,235626.072,14004.725,Wind,165.30704047277092,14004.725,0.5244599874162117,0.5244459826912117,Gas_SC→Wind,753584237.4219999
1039,Sugar Creek Power,IN,39.3931,-87.5108,2002,Gas_CC,1127,3416457000.0,23716141.326,1409419.3,Wind,165.3306037513557,1409419.3,0.5258694067162117,0.5244599874162117,Gas_CC→Wind,754993656.7219999
953,Riverside Generating LLC,KY,38.191661,-82.604586,2001,Gas_SC,1150,503762000.0,5501978.278,326974.243,Wind,165.41707089676459,326974.243,0.5261963809592117,0.5258694067162117,Gas_SC→Wind,755320630.9649999
1173,Exira,IA,41.514365,-94.919729,2004,Gas_SC,180,89334000.0,865127.563,51533.881,Wind,165.66025142993027,51533.881,0.5262479148402117,0.5261963809592117,Gas_SC→Wind,755372164.846
1315,Carroll County Energy,OH,40.60441,-81.05918,2017,Gas_CC,831,5412935000.0,38752843.805,2303006.523,Wind,166.61503191131254,2303006.523,0.5285509213632117,0.5262479148402117,Gas_CC→Wind,757675171.369
904,Livingston Generating Station,MI,45.030397,-84.730795,1999,Gas_SC,168,4432000.0,65294.998,3880.283,Wind,167.103329104734,3880.283,0.5285548016462117,0.5285509213632117,Gas_SC→Wind,757679051.652
1263,Pueblo Airport Generating Station,CO,38.320833,-104.52639,2012,Gas_SC,540,994835000.0,10597713.178,629757.708,Gas,167.32819343021796,290285.9885229329,0.5288450876347346,0.5285548016462117,Gas_SC→Gas,758308809.3599999
1072,Magnolia Power Plant,MS,34.835,-89.2026,2003,Gas_CC,1002,5376643000.0,39801866.898,2365371.562,Wind,168.08869083019817,2365371.562,0.5312104591967346,0.5288450876347346,Gas_CC→Wind,760674180.9219999
946,Nelson Energy Center,IL,41.774444,-89.607222,2015,Gas_CC,626,3968921000.0,26831806.827,1594575.796,Wind,168.3268008406179,1594575.796,0.5328050349927346,0.5312104591967346,Gas_CC→Wind,762268756.7179999
663,Sylvarena,MS,31.982076,-89.412714,2003,Gas_SC,141,239332000.0,2170681.193,128997.608,Wind,168.34331574367332,128997.608,0.5329340326007346,0.5328050349927346,Gas_SC→Wind,762397754.326
916,Milford Power Project,CT,41.224355,-73.099728,2004,Gas_CC,578,3595439000.0,25675843.481,1525881.517,Wind,168.39540350901615,1525881.517,0.5344599141177346,0.5329340326007346,Gas_CC→Wind,763923635.8429999
1106,Indigo Energy Facility,CA,33.910873,-116.552994,2001,Gas_SC,147,49797000.0,437200.972,25984.572,Wind,168.91335653539457,25984.572,0.5344858986897346,0.5344599141177346,Gas_SC→Wind,763949620.415
1200,Caithness Long Island Energy Center,NY,40.8142,-72.9403,2009,Gas_CC,348,2249567000.0,15144027.66,899998.235,Wind,168.97951712451953,899998.235,0.5353858969247347,0.5344858986897346,Gas_CC→Wind,764849618.65
966,Los Medanos Energy Center,CA,38.030071,-121.873004,2001,Gas_CC,676,3259668000.0,23003662.166,1367075.449,Wind,169.24626875480482,1367075.449,0.5367529723737346,0.5353858969247347,Gas_CC→Wind,766216694.099
1323,Keys Energy Center,MD,38.695519,-76.827785,2018,Gas_CC,829,5014709000.0,36145023.56,2148051.95,Wind,170.0243279759635,2148051.95,0.5389010243237347,0.5367529723737346,Gas_CC→Wind,768364746.049
947,Channelview Cogeneration Plant,TX,29.836952,-95.121744,2001,Gas_CC,917,7702042000.0,52952329.596,3146883.225,Wind,170.07772495214584,3146883.225,0.5420479075487347,0.5389010243237347,Gas_CC→Wind,771511629.274
999,TVA Southaven Combined Cycle,MS,34.9939,-90.0378,2003,Gas_CC,903,4825238000.0,32473408.66,1929843.826,Wind,170.4007799695167,1929843.826,0.5439777513747346,0.5420479075487347,Gas_CC→Wind,773441473.1
1016,Fairless Energy Center,PA,40.1475,-74.7411,2004,Gas_CC,1334,8097926000.0,54310170.462,3227570.874,Wind,171.2608026872002,3227570.874,0.5472053222487346,0.5439777513747346,Gas_CC→Wind,776669043.974
1123,Harrison County Power Project,TX,32.3958,-94.4367,2003,Gas_CC,570,2993085000.0,21130361.77,1255745.497,Wind,171.41889966969177,1255745.497,0.5484610677457346,0.5472053222487346,Gas_CC→Wind,777924789.471
1063,Vandolah Power Station,FL,27.523607,-81.923951,2002,Gas_SC,728,586287000.0,5852124.626,348686.199,Wind,171.47379916471616,348686.199,0.5488097539447345,0.5484610677457346,Gas_SC→Wind,778273475.67
616,Marsh Run Generation Facility,VA,38.5283,-77.7681,2004,Gas_SC,708,596322000.0,5981067.2530000005,355516.912,Wind,171.49442289718002,355516.912,0.5491652708567345,0.5488097539447345,Gas_SC→Wind,778628992.5819999
957,Pinckneyville,IL,38.1114,-89.3467,2000,Gas_SC,380,83681000.0,771991.5160000001,45879.129,Wind,172.02413933288173,45879.129,0.5492111499857345,0.5491652708567345,Gas_SC→Wind,778674871.7109998
657,Pyramid,NM,32.2363,-108.5494,2003,Gas_SC,184,131700000.0,1274790.595,75869.983,Wind,172.32138051984802,75869.983,0.5492870199687345,0.5492111499857345,Gas_SC→Wind,778750741.6939999
623,Lagoon Creek,TN,35.6578,-89.3964,2001,Gas_SC,1619,3862041000.0,25338618.622,1506225.597,Wind,172.85567217923247,1506225.597,0.5507932455657345,0.5492870199687345,Gas_SC→Wind,780256967.2909999
1037,Jack Fusco Energy Center,TX,29.4731,-95.6244,2003,Gas_CC,1075,3527252000.0,24895043.695,1479473.957,Wind,172.92857156353787,1479473.957,0.5522727195227345,0.5507932455657345,Gas_CC→Wind,781736441.2479999
1100,Wallingford Energy,CT,41.448694,-72.835364,2001,Gas_SC,350,190424000.0,1634817.352,97154.174,Wind,173.10195378073956,97154.174,0.5523698736967345,0.5522727195227345,Gas_SC→Wind,781833595.4219999
1194,Pinelawn Power LLC,NY,40.736611,-73.388424,2005,Gas_CC,82,143942000.0,1132882.995,66999.775,Wind,173.40380280044025,66999.775,0.5524368734717345,0.5523698736967345,Gas_CC→Wind,781900595.1969999
617,Louisa Generation Facility,VA,38.1181,-78.2139,2003,Gas_SC,507,378549000.0,4005133.685,238054.684,Wind,173.814783410275,238054.684,0.5526749281557345,0.5524368734717345,Gas_SC→Wind,782138649.8809999
1038,Cottonwood Energy Project,TX,30.2588,-93.7353,2003,Gas_CC,1428,6305658000.0,45079097.467,2678989.193,Wind,173.82802025662193,2678989.193,0.5553539173487345,0.5526749281557345,Gas_CC→Wind,784817639.0739999
1162,NAEA Ocean Peaking Power LLC,NJ,40.0633,-74.1672,2003,Gas_SC,573,238257000.0,2391677.388,142135.22,Wind,173.95527491836935,142135.22,0.5554960525687346,0.5553539173487345,Gas_SC→Wind,784959774.2939999
1288,Lodi Energy Center,CA,38.088056,-121.3875,2012,Gas_CC,288,484453000.0,5065499.259,301036.417,Wind,174.05304743841904,301036.417,0.5557970889857345,0.5554960525687346,Gas_CC→Wind,785260810.711
1056,Carville Energy LLC,LA,30.2294,-91.065,2003,Gas_CC,555,2712275000.0,20606522.516,1224614.117,Wind,174.10317318137925,1224614.117,0.5570217031027346,0.5557970889857345,Gas_CC→Wind,786485424.828
1154,Silverhawk,NV,36.4078,-114.9606,2004,Gas_CC,664,2626535000.0,19774016.517,1175139.812,Wind,174.69066953959145,1175139.812,0.5581968429147346,0.5570217031027346,Gas_CC→Wind,787660564.64
1110,Perryville Power Station,LA,32.6908,-92.0183,2001,Gas_CC,822,3268537000.0,22919726.695,1362091.052,Wind,175.0552905077338,1362091.052,0.5595589339667346,0.5581968429147346,Gas_CC→Wind,789022655.692
1316,Wolf Hollow II,TX,32.337679,-97.734612,2017,Gas_CC,1231,5477361000.0,36496565.495,2168936.036,Wind,175.09129998597604,2168936.036,0.5617278700027346,0.5595589339667346,Gas_CC→Wind,791191591.728
1165,Riverview Energy Center,CA,38.014423,-121.790679,2003,Gas_SC,47,25786000.0,253745.559,15079.223,Wind,175.61128255206373,15079.223,0.5617429492257348,0.5617278700027346,Gas_SC→Wind,791206670.9510001
1232,Jonesboro City Water & Light Plant,AR,35.848561,-90.725377,1999,Gas_SC,222,10558000.0,112600.1,6666.9,Wind,175.80464241241776,6666.9,0.5617496161257347,0.5617429492257348,Gas_SC→Wind,791213337.8510001
1112,Creed Energy Center,CA,38.242158,-121.854722,2003,Gas_SC,47,19578000.0,195652.372,11625.815,Wind,175.8766956188996,11625.815,0.5617612419407347,0.5617496161257347,Gas_SC→Wind,791224963.6660001
1114,Goose Haven Energy Center,CA,38.226752,-121.843271,2003,Gas_SC,47,19155000.0,193102.843,11475.355,Wind,175.98368908167768,11475.355,0.5617727172957347,0.5617612419407347,Gas_SC→Wind,791236439.0210001
1275,Garrison Energy Center LLC,DE,39.187195,-75.499396,2015,Gas_CC,361,1620585000.0,11074302.338,658512.961,Wind,176.14592649861345,658512.961,0.5624312302567347,0.5617727172957347,Gas_CC→Wind,791894951.9820001
1196,500MW CC,NY,40.7889,-73.9069,2005,Gas_CC,528,2519277000.0,18314145.687,1088924.29,Wind,176.48772958759247,1088924.29,0.5635201545467347,0.5624312302567347,Gas_CC→Wind,792983876.2720001
967,Hinds Energy Facility,MS,32.378969,-90.219906,2001,Gas_CC,599,3086898000.0,20977381.988,1246659.052,Wind,176.74240212593702,1246659.052,0.5647668135987347,0.5635201545467347,Gas_CC→Wind,794230535.3240001
1047,Columbia Energy Center (SC),SC,33.8697,-81.0178,2004,Gas_CC,668,2980152000.0,23892419.4,1364928.278,Wind,176.91121280601135,1364928.278,0.5661317418767348,0.5647668135987347,Gas_CC→Wind,795595463.6020001
1027,Delta Energy Center,CA,38.0169,-121.8439,2002,Gas_CC,943,4004527000.0,27467300.377,1632335.473,Wind,177.15972603650914,1632335.473,0.5677640773497348,0.5661317418767348,Gas_CC→Wind,797227799.0750002
1228,Gateway Generating Station,CA,38.0175,-121.7587,2009,Gas_CC,619,2921497000.0,21186064.809,1259066.458,Wind,177.5139291889924,1259066.458,0.5690231438077348,0.5677640773497348,Gas_CC→Wind,798486865.5330001
1314,Oregon Clean Energy Center,OH,41.667928,-83.443664,2017,Gas_CC,1061,5813670000.0,38070986.59,2262502.392,Wind,178.1244423382394,2262502.392,0.5712856461997347,0.5690231438077348,Gas_CC→Wind,800749367.9250001
923,Rio Nogales Power Project,TX,29.593056,-97.973215,2002,Gas_CC,940,4406314000.0,29134738.74,1731435.086,Wind,178.21657681645522,1731435.086,0.5730170812857347,0.5712856461997347,Gas_CC→Wind,802480803.011
841,Mulberry Cogeneration Facility,FL,27.8489,-81.8775,1994,Gas_CC,125,473102000.0,3516748.231,208992.09,Wind,179.0500716869339,208992.09,0.5732260733757347,0.5730170812857347,Gas_CC→Wind,802689795.1010001
1326,Lackawanna Energy Center,PA,41.471389,-75.544167,2018,Gas_CC,1665,9442190000.0,61894648.057,3678313.685,Wind,179.26329922811712,3678313.685,0.5769043870607347,0.5732260733757347,Gas_CC→Wind,806368108.786
940,Acadia Energy Center,LA,30.428611,-92.413056,2002,Gas_CC,1388,6130920000.0,40352690.487,2398103.372,Wind,179.3752902637669,2398103.372,0.5793024904327346,0.5769043870607347,Gas_CC→Wind,808766212.158
1128,Quantum Choctaw Power LLC,MS,33.3792,-89.2089,2006,Gas_CC,850,3036637000.0,21958130.614,1304939.435,Wind,179.38987775650736,1304939.435,0.5806074298677345,0.5793024904327346,Gas_CC→Wind,810071151.5929999
987,Santa Rosa Energy Center,FL,30.5664,-87.115,2003,Gas_CC,274,1558289000.0,11160881.175,663271.781,Wind,179.4497829909897,663271.781,0.5812707016487346,0.5806074298677345,Gas_CC→Wind,810734423.374
630,Robert P Mone Plant,OH,40.9297,-84.7392,2002,Gas_SC,594,185946000.0,1834021.1,109421.4,Wind,179.91303280312894,109421.4,0.5813801230487345,0.5812707016487346,Gas_SC→Wind,810843844.7739999
1230,Black Mountain Generating Station,AZ,35.0361,-114.1594,2008,Gas_SC,120,180993000.0,1687855.524,100307.529,Wind,180.0263976340274,100307.529,0.5814804305777346,0.5813801230487345,Gas_SC→Wind,810944152.303
637,Vernon Boulevard,NY,40.7537,-73.9508,2001,Gas_SC,94,77015000.0,681727.089,40516.26,Wind,180.4535995161169,40516.26,0.5815209468377346,0.5814804305777346,Gas_SC→Wind,810984668.563
1189,McIntosh Combined Cycle Facility,GA,32.3478,-81.1817,2005,Gas_CC,1374,8722374000.0,60743931.837,3609919.419,Wind,180.94644278218394,3609919.419,0.5851308662567346,0.5815209468377346,Gas_CC→Wind,814594587.982
1202,Groton Generating Station,SD,45.3735,-98.098689,2006,Gas_SC,188,134515000.0,1176232.489,69900.01,Wind,181.1734066022016,69900.01,0.5852007662667346,0.5851308662567346,Gas_SC→Wind,814664487.992
1070,Central Alabama Generating Station,AL,32.6497,-86.74,2003,Gas_CC,927,5408761000.0,40248912.806,2391941.2970000003,Wind,181.74224906870666,2391941.2970000003,0.5875927075637346,0.5852007662667346,Gas_CC→Wind,817056429.289
1297,Brunswick County Power Station,VA,36.765,-77.713889,2016,Gas_CC,1470,10165534000.0,69586192.378,4135381.48,Wind,183.331584048203,4135381.48,0.5917280890437346,0.5875927075637346,Gas_CC→Wind,821191810.769
1044,Union Power Station,AR,33.296146,-92.589364,2003,Gas_CC,2428,9809940000.0,70151888.792,4169027.528,Wind,183.4318667898838,4169027.528,0.5958971165717347,0.5917280890437346,Gas_CC→Wind,825360838.297
1001,Tenaska Lindsay Hill Generating Station,AL,32.6514,-86.7386,2002,Gas_CC,939,1874407000.0,14490465.095,861178.546,Wind,183.6057818759369,861178.546,0.5967582951177347,0.5958971165717347,Gas_CC→Wind,826222016.843
968,Attala,MS,33.0147,-89.6753,2001,Gas_CC,550,1992302000.0,13944152.135,828680.025,Wind,183.6538786928538,828680.025,0.5975869751427346,0.5967582951177347,Gas_CC→Wind,827050696.868
1159,Jasper,SC,32.3594,-81.1242,2004,Gas_CC,999,5393716000.0,37546655.606,2231415.451,Wind,183.8007791785669,2231415.451,0.5998183905937347,0.5975869751427346,Gas_CC→Wind,829282112.319
1011,Morgan Energy Center,AL,34.6397,-87.0639,2003,Gas_CC,900,2958429000.0,22287849.863,1324531.448,Wind,183.84170415742062,1324531.448,0.6011429220417346,0.5998183905937347,Gas_CC→Wind,830606643.767
1181,CPV Towantic Energy Center,CT,41.481243,-73.123108,2018,Gas_CC,840,5452943000.0,35875057.064,2132176.236,Wind,183.9133764665946,2132176.236,0.6032750982777345,0.6011429220417346,Gas_CC→Wind,832738820.0029999
839,Orange Cogeneration Facility,FL,27.87082,-81.825061,1995,Gas_CC,136,468223000.0,3417799.753,203113.618,Wind,184.67795209909636,203113.618,0.6034782118957346,0.6032750982777345,Gas_CC→Wind,832941933.6209999
882,Pasadena Cogeneration,TX,29.72475,-95.176479,1998,Gas_CC,815,4292438000.0,28465346.669,1691662.0699999998,Wind,184.68642694693273,1691662.0699999998,0.6051698739657346,0.6034782118957346,Gas_CC→Wind,834633595.691
1052,Washington Energy Facility,OH,39.58,-81.6564,2002,Gas_CC,713,5115020000.0,36337256.795,2159466.981,Wind,185.72300566597218,2159466.981,0.6073293409467345,0.6051698739657346,Gas_CC→Wind,836793062.6719999
653,Warren F Sam Beasley Generation Station,DE,39.279179,-75.623928,2002,Gas_SC,96,35491000.0,320562.205,19223.133,Wind,185.98989531492603,19223.133,0.6073485640797346,0.6073293409467345,Gas_SC→Wind,836812285.805
1261,West Deptford Energy Station,NJ,39.8414,-75.2214,2014,Gas_CC,754,2293408000.0,16421356.093,975894.662,Wind,186.50211830738138,975894.662,0.6083244587417345,0.6073485640797346,Gas_CC→Wind,837788180.4669999
986,Hog Bayou Energy Center,AL,30.7478,-88.0575,2001,Gas_CC,280,1679333000.0,12651626.193,751871.215,Wind,186.53479374765493,751871.215,0.6090763299567346,0.6083244587417345,Gas_CC→Wind,838540051.6819999
598,Nodaway,MO,40.2877,-94.7913,1999,Gas_SC,314,8763000.0,109423.925,6503.964,Wind,186.59658112219347,6503.964,0.6090828339207345,0.6090763299567346,Gas_SC→Wind,838546555.6459999
942,South Point Energy Center,AZ,34.8678,-114.5317,2001,Gas_CC,708,3164007000.0,23297818.77,1384558.425,Wind,187.27979422454962,1384558.425,0.6104673923457344,0.6090828339207345,Gas_CC→Wind,839931114.0709999
1171,Bluffview,NM,36.716628,-108.215282,2005,Gas_CC,67,378099000.0,3146952.191,187015.089,Solar,187.93444576104002,187015.089,0.6106544074347344,0.6104673923457344,Gas_CC→Solar,840118129.1599998
1328,"Clean Energy Future-Lordstown, LLC",OH,41.14889,-80.85162,2018,Gas_CC,962,6311142000.0,41547270.53,2469104.682,Wind,188.20813122699823,2469104.682,0.6131235121167345,0.6106544074347344,Gas_CC→Wind,842587233.8419999
1098,Apex Generating Station,NV,36.415999,-114.960916,2003,Gas_CC,600,2818786000.0,19243962.735,1143652.533,Wind,188.82211157821945,1143652.533,0.6142671646497345,0.6131235121167345,Gas_CC→Wind,843730886.3749999
1121,Newington,NH,43.1047,-70.8061,2002,Gas_CC,604,494592000.0,3536235.507,214199.966,Wind,189.2547409758716,214199.966,0.6144813646157344,0.6142671646497345,Gas_CC→Wind,843945086.3409998
1121,Newington,NH,43.1047,-70.8061,2002,Gas_CC,604,494592000.0,3536235.507,214199.966,Wind,189.2547409758716,214199.966,0.6146955645817345,0.6144813646157344,Gas_CC→Wind,844159286.3069998
1306,Carty Generating Station,OR,45.698611,-119.813056,2016,Gas_CC,500,3043849000.0,21777896.346,1294229.099,Wind,189.85953569028595,1294229.099,0.6159897936807344,0.6146955645817345,Gas_CC→Wind,845453515.4059998
1321,Colorado Bend II,TX,29.289415,-96.065399,2017,Gas_CC,1228,5779141000.0,37756059.193,2243788.309,Wind,189.94709204765593,2243788.309,0.6182335819897344,0.6159897936807344,Gas_CC→Wind,847697303.7149998
1091,"Waterford Power, LLC",OH,39.5333,-81.7178,2003,Gas_CC,921,6800228000.0,46402092.654,2757610.524,Wind,190.06248799517627,2757610.524,0.6209911925137345,0.6182335819897344,Gas_CC→Wind,850454914.2389998
1002,Ceredo Generating Station,WV,38.3681,-82.5339,2001,Gas_SC,516,111355000.0,1353242.5,79837.0,Wind,190.3452947682764,79837.0,0.6210710295137345,0.6209911925137345,Gas_SC→Wind,850534751.2389998
590,Washington County Cogeneration Facility,AL,31.2504,-88.0156,1999,Gas_CC,121,1065946000.0,7939410.125,471835.7,Wind,190.91624708229313,471835.7,0.6215428652137345,0.6210710295137345,Gas_CC→Wind,851006586.9389999
842,Orlando Cogen LP,FL,28.442623,-81.412343,1993,Gas_CC,122,971585000.0,7335540.345,435944.713,Wind,190.99413146259255,435944.713,0.6219788099267346,0.6215428652137345,Gas_CC→Wind,851442531.652
687,Santan,AZ,33.3325,-111.7503,1974,Gas_CC,1321,4900374000.0,34689677.238,2061555.255,Solar,190.9996335839951,2061555.255,0.6240403651817346,0.6219788099267346,Gas_CC→Solar,853504086.907
1113,Lambie Energy Center,CA,38.221577,-121.868333,2003,Gas_SC,47,16746000.0,165186.62099999998,9816.498,Wind,191.08273160584753,9816.498,0.6240501816797346,0.6240403651817346,Gas_SC→Wind,853513903.405
936,Broad River Energy Center,SC,35.0786,-81.575,2000,Gas_SC,985,320668000.0,3100542.3430000003,184268.634,Wind,191.5712672110969,184268.634,0.6242344503137345,0.6240501816797346,Gas_SC→Wind,853698172.0389999
858,Hermiston Generating Plant,OR,45.8042,-119.37,1996,Gas_CC,620,2268727000.0,17452436.488,1037181.353,Wind,192.0924627184287,1037181.353,0.6252716316667346,0.6242344503137345,Gas_CC→Wind,854735353.392
561,Polk,FL,27.7286,-81.9897,1996,Gas_CC,3346,6723242000.0,46535344.085,2765306.193,Wind,192.09693084691673,2765306.193,0.6280369378597346,0.6252716316667346,Gas_CC→Wind,857500659.5849999
1017,Channel Energy Center LLC,TX,29.7189,-95.2319,2001,Gas_CC,923,6321357000.0,41304301.868,2454647.917,Wind,192.3451526504262,2454647.917,0.6304915857767346,0.6280369378597346,Gas_CC→Wind,859955307.502
1251,Greenland Energy Center,FL,30.159131,-81.518415,2011,Gas_SC,610,599962000.0,6191672.347,368157.123,Wind,192.76410744647455,368157.123,0.6308597428997346,0.6304915857767346,Gas_SC→Wind,860323464.625
961,Afton Generating Station,NM,32.114185,-106.846483,2002,Gas_CC,464,953546000.0,7236969.873,430082.228,Wind,193.17447578258867,430082.228,0.6312898251277347,0.6308597428997346,Gas_CC→Wind,860753546.853
647,West Gardner,KS,38.7875,-94.9861,2003,Gas_SC,408,87409000.0,1010724.897,60066.28,Wind,193.80497444351485,60066.28,0.6313498914077347,0.6312898251277347,Gas_SC→Wind,860813613.133
1031,Luna Energy Facility,NM,32.299349,-107.7834,2006,Gas_CC,650,3392675000.0,23007921.352,1367327.687,Wind,194.9290422084689,1367327.687,0.6327172190947347,0.6313498914077347,Gas_CC→Wind,862180940.82
1151,Curtis H Stanton Energy Center,FL,28.488246,-81.166944,2003,Gas_CC,1016,1944268000.0,15784197.49,938035.342,Wind,195.2066513499586,938035.342,0.6336552544367346,0.6327172190947347,Gas_CC→Wind,863118976.1620001
952,Caledonia,MS,33.6464,-88.2717,2003,Gas_CC,801,4612607000.0,31395597.479,1865796.315,Wind,195.42165997798713,1865796.315,0.6355210507517347,0.6336552544367346,Gas_CC→Wind,864984772.4770001
1099,Fayette Energy Facility,PA,39.8592,-79.9182,2003,Gas_CC,643,5089241000.0,35518017.135,2110784.554,Wind,196.28178962698442,2110784.554,0.6376318353057348,0.6355210507517347,Gas_CC→Wind,867095557.0310001
915,Griffith Energy LLC,AZ,35.054029,-114.133272,2002,Gas_CC,653,2447489000.0,17111808.528,1016928.412,Wind,196.61793587911308,1016928.412,0.6386487637177347,0.6376318353057348,Gas_CC→Wind,868112485.4430001
1131,Mint Farm Generating Station,WA,46.138824,-122.985506,2008,Gas_CC,319,1785855000.0,13316884.31,791399.811,Wind,197.5459918807094,791399.811,0.6394401635287347,0.6386487637177347,Gas_CC→Wind,868903885.2540001
1160,Tracy Combined Cycle Power Plant,CA,37.7107,-121.4906,2003,Gas_CC,335,749035000.0,5840826.638,347113.039,Wind,197.82136886204773,347113.039,0.6397872765677347,0.6394401635287347,Gas_CC→Wind,869250998.2930001
969,Harry L. Oswald,AR,34.5923,-92.2166,2002,Gas_CC,599,465218000.0,3543324.762,210578.029,Wind,198.1168848233821,210578.029,0.6399978545967347,0.6397872765677347,Gas_CC→Wind,869461576.3220001
1319,Greensville County Power Station,VA,36.718236,-77.649559,2018,Gas_CC,1770,10939560000.0,70502052.51,4189822.459,Wind,198.348630904434,4189822.459,0.6441876770557348,0.6399978545967347,Gas_CC→Wind,873651398.7810001
1120,"Pastoria Energy Facility, LLC",CA,34.9556,-118.844,2005,Gas_CC,779,4041414000.0,33505208.942,1991171.23,Solar,198.3681528796337,1991171.23,0.6461788482857348,0.6441876770557348,Gas_CC→Solar,875642570.0110002
1090,"Lawrenceburg Power, LLC",IN,39.0911,-84.8669,2004,Gas_CC,1232,8780279000.0,62865153.946,3735983.92,Wind,198.37455399196978,3735983.92,0.6499148322057348,0.6461788482857348,Gas_CC→Wind,879378553.9310001
1307,Montana Power Station,TX,31.823889,-106.211944,2015,Gas_SC,524,892520000.0,8210589.978,487946.605,Wind,198.67475958488131,487946.605,0.6504027788107347,0.6499148322057348,Gas_SC→Wind,879866500.5360001
644,Chattahoochee Energy Facility,GA,33.4072,-85.0386,2003,Gas_CC,539,3464723000.0,23652938.358,1405661.706,Wind,199.76822956452426,1405661.706,0.6518084405167347,0.6504027788107347,Gas_CC→Wind,881272162.2420001
