,name,state,lat,lon,commissioning_year,primary_fuel,capacity,generation,fuel_consumption,emissions
1072,Magnolia Power Plant,MS,34.835,-89.2026,2003,Gas_CC,1002,5376643000.0,39801866.898,2365371.562
1242,Deer Creek Station,SD,44.290833,-96.526667,2012,Gas_CC,324,781776000.0,6080891.311,361376.841
1078,Ouachita,LA,32.7061,-92.0683,2002,Gas_CC,903,3486067000.0,26487928.882,1574139.764
999,TVA Southaven Combined Cycle,MS,34.9939,-90.0378,2003,Gas_CC,903,4825238000.0,32473408.66,1929843.826
309,Buck,NC,35.7133,-80.3767,1941,Gas_CC,1169,3978445000.0,27054524.116,1607803.927
1039,Sugar Creek Power,IN,39.3931,-87.5108,2002,Gas_CC,1127,3416457000.0,23716141.326,1409419.3
588,St Francis Energy Facility,MO,36.5852,-90.1779,1999,Gas_CC,506,985606000.0,7230221.97,429682.715
1048,RockGen Energy Center,WI,42.9767,-89.0492,2001,Gas_SC,561,466185000.0,4971121.011,295658.987
1123,Harrison County Power Project,TX,32.3958,-94.4367,2003,Gas_CC,570,2993085000.0,21130361.77,1255745.497
85,Lansing Smith,FL,30.2686,-85.7003,1965,Gas_CC,999,5059620000.0,35228323.383,2093567.51
1290,Panda Sherman Power Station,TX,33.582573,-96.617893,2014,Gas_CC,803,2800004000.0,19063492.143,1132914.982
311,Dan River,NC,36.4862,-79.7208,1949,Gas_CC,1084,4600143000.0,32132747.475,1909590.869
925,Wolf Hollow I LP,TX,32.33422,-97.731686,2003,Gas_CC,786,2140053000.0,15627527.446,928720.487
1052,Washington Energy Facility,OH,39.58,-81.6564,2002,Gas_CC,713,5115020000.0,36337256.795,2159466.981
1228,Gateway Generating Station,CA,38.0175,-121.7587,2009,Gas_CC,619,2921497000.0,21186064.809,1259066.458
681,Pouch,NY,40.6182,-74.06849,2001,Gas_SC,47,70294000.0,656805.624,39045.315
619,Ladysmith,VA,38.0722,-77.5133,2001,Gas_SC,890,1184227000.0,11435831.524,682849.364
1314,Oregon Clean Energy Center,OH,41.667928,-83.443664,2017,Gas_CC,1061,5813670000.0,38070986.59,2262502.392
1027,Delta Energy Center,CA,38.0169,-121.8439,2002,Gas_CC,943,4004527000.0,27467300.377,1632335.473
1056,Carville Energy LLC,LA,30.2294,-91.065,2003,Gas_CC,555,2712275000.0,20606522.516,1224614.117
1181,CPV Towantic Energy Center,CT,41.481243,-73.123108,2018,Gas_CC,840,5452943000.0,35875057.064,2132176.236
1297,Brunswick County Power Station,VA,36.765,-77.713889,2016,Gas_CC,1470,10165534000.0,69586192.378,4135381.48
1047,Columbia Energy Center (SC),SC,33.8697,-81.0178,2004,Gas_CC,668,2980152000.0,23892419.4,1364928.278
967,Hinds Energy Facility,MS,32.378969,-90.219906,2001,Gas_CC,599,3086898000.0,20977381.988,1246659.052
1326,Lackawanna Energy Center,PA,41.471389,-75.544167,2018,Gas_CC,1665,9442190000.0,61894648.057,3678313.685
1275,Garrison Energy Center LLC,DE,39.187195,-75.499396,2015,Gas_CC,361,1620585000.0,11074302.338,658512.961
1038,Cottonwood Energy Project,TX,30.2588,-93.7353,2003,Gas_CC,1428,6305658000.0,45079097.467,2678989.193
1091,"Waterford Power, LLC",OH,39.5333,-81.7178,2003,Gas_CC,921,6800228000.0,46402092.654,2757610.524
75,Cape Canaveral,FL,28.4698,-80.7644,1965,Gas_CC,2099,6512104000.0,41643131.499,2477298.379
987,Santa Rosa Energy Center,FL,30.5664,-87.115,2003,Gas_CC,274,1558289000.0,11160881.175,663271.781
1154,Silverhawk,NV,36.4078,-114.9606,2004,Gas_CC,664,2626535000.0,19774016.517,1175139.812
625,Holden,MO,38.7538,-93.9983,2002,Gas_SC,321,240843000.0,2771409.671,164764.537
927,Hays Energy Project,TX,29.7806,-97.9894,2002,Gas_CC,986,2482393000.0,18268292.329,1085662.021
360,W S Lee,SC,34.6022,-82.435,1951,Gas_CC,1402,6188730000.0,43079081.452,2560892.822
1189,McIntosh Combined Cycle Facility,GA,32.3478,-81.1817,2005,Gas_CC,1374,8722374000.0,60743931.837,3609919.419
1110,Perryville Power Station,LA,32.6908,-92.0183,2001,Gas_CC,822,3268537000.0,22919726.695,1362091.052
1328,"Clean Energy Future-Lordstown, LLC",OH,41.14889,-80.85162,2018,Gas_CC,962,6311142000.0,41547270.53,2469104.682
660,Greater Des Moines,IA,41.5563,-93.5283,2003,Gas_CC,575,457689000.0,4992929.627,296722.743
841,Mulberry Cogeneration Facility,FL,27.8489,-81.8775,1994,Gas_CC,125,473102000.0,3516748.231,208992.09
1191,Faribault Energy Park,MN,44.3356,-93.290556,2005,Gas_CC,334,730686000.0,5139678.28,305444.77
80,Sanford,FL,28.8419,-81.3256,1959,Gas_CC,2532,9918293000.0,67973650.826,4039583.507
1070,Central Alabama Generating Station,AL,32.6497,-86.74,2003,Gas_CC,927,5408761000.0,40248912.806,2391941.2970000003
923,Rio Nogales Power Project,TX,29.593056,-97.973215,2002,Gas_CC,940,4406314000.0,29134738.74,1731435.086
649,Solway CT,MN,47.544582,-95.129652,2003,Gas_SC,51,56922000.0,523406.292,31105.411
875,De Pere Energy Center,WI,44.44861,-88.07204,1999,Gas_SC,192,127959000.0,1335709.702,79382.394
940,Acadia Energy Center,LA,30.428611,-92.413056,2002,Gas_CC,1388,6130920000.0,40352690.487,2398103.372
1316,Wolf Hollow II,TX,32.337679,-97.734612,2017,Gas_CC,1231,5477361000.0,36496565.495,2168936.036
1159,Jasper,SC,32.3594,-81.1242,2004,Gas_CC,999,5393716000.0,37546655.606,2231415.451
1259,CPV Valley Energy Center,NY,41.4122,-74.4378,2018,Gas_CC,770,4753565000.0,32491852.21,1930961.797
992,Gleason Generating Facility,TN,36.2454,-88.612,2000,Gas_SC,567,470362000.0,4899365.157,291158.105
882,Pasadena Cogeneration,TX,29.72475,-95.176479,1998,Gas_CC,815,4292438000.0,28465346.669,1691662.0699999998
1037,Jack Fusco Energy Center,TX,29.4731,-95.6244,2003,Gas_CC,1075,3527252000.0,24895043.695,1479473.957
874,Dighton Power Plant,MA,41.8312,-71.1239,1999,Gas_CC,200,216922000.0,1689282.333,100391.37
590,Washington County Cogeneration Facility,AL,31.2504,-88.0156,1999,Gas_CC,121,1065946000.0,7939410.125,471835.7
1099,Fayette Energy Facility,PA,39.8592,-79.9182,2003,Gas_CC,643,5089241000.0,35518017.135,2110784.554
986,Hog Bayou Energy Center,AL,30.7478,-88.0575,2001,Gas_CC,280,1679333000.0,12651626.193,751871.215
1090,"Lawrenceburg Power, LLC",IN,39.0911,-84.8669,2004,Gas_CC,1232,8780279000.0,62865153.946,3735983.92
942,South Point Energy Center,AZ,34.8678,-114.5317,2001,Gas_CC,708,3164007000.0,23297818.77,1384558.425
1306,Carty Generating Station,OR,45.698611,-119.813056,2016,Gas_CC,500,3043849000.0,21777896.346,1294229.099
1044,Union Power Station,AR,33.296146,-92.589364,2003,Gas_CC,2428,9809940000.0,70151888.792,4169027.528
1257,Dave Gates Generating Station,MT,46.104713,-112.876605,2011,Gas_SC,201,186002000.0,2343425.061,139263.304
990,"Darby Power, LLC",OH,39.7139,-83.1778,2001,Gas_SC,564,413160000.0,4756106.0,281152.9
1128,Quantum Choctaw Power LLC,MS,33.3792,-89.2089,2006,Gas_CC,850,3036637000.0,21958130.614,1304939.435
1017,Channel Energy Center LLC,TX,29.7189,-95.2319,2001,Gas_CC,923,6321357000.0,41304301.868,2454647.917
1068,Elgin Energy Center LLC,IL,42.000061,-88.244572,2002,Gas_SC,540,390722000.0,4420334.302,262695.088
98,Jack McDonough,GA,33.8239,-84.4758,1963,Gas_CC,3443,18976953000.0,127623709.352,7584444.817
839,Orange Cogeneration Facility,FL,27.87082,-81.825061,1995,Gas_CC,136,468223000.0,3417799.753,203113.618
895,Gregory Power Plant,TX,27.88929,-97.258417,2000,Gas_CC,432,645490000.0,4464191.792,265300.42000000004
1098,Apex Generating Station,NV,36.415999,-114.960916,2003,Gas_CC,600,2818786000.0,19243962.735,1143652.533
1194,Pinelawn Power LLC,NY,40.736611,-73.388424,2005,Gas_CC,82,143942000.0,1132882.995,66999.775
968,Attala,MS,33.0147,-89.6753,2001,Gas_CC,550,1992302000.0,13944152.135,828680.025
79,Riviera,FL,26.7653,-80.0525,1962,Gas_CC,1915,6701391000.0,41590560.008,2474489.893
638,Joseph J Seymour Power Project,NY,40.6631,-74.0,2001,Gas_SC,94,120366000.0,1123142.414,66746.553
618,Remington,VA,38.5442,-77.7714,2000,Gas_SC,704,720233000.0,7055949.974,419713.811
1319,Greensville County Power Station,VA,36.718236,-77.649559,2018,Gas_CC,1770,10939560000.0,70502052.51,4189822.459
1131,Mint Farm Generating Station,WA,46.138824,-122.985506,2008,Gas_CC,319,1785855000.0,13316884.31,791399.811
952,Caledonia,MS,33.6464,-88.2717,2003,Gas_CC,801,4612607000.0,31395597.479,1865796.315
623,Lagoon Creek,TN,35.6578,-89.3964,2001,Gas_SC,1619,3862041000.0,25338618.622,1506225.597
1085,Goldendale Generating Station,WA,45.8114,-120.833,2004,Gas_CC,302,2020749000.0,13530400.725,804092.6969999999
1031,Luna Energy Facility,NM,32.299349,-107.7834,2006,Gas_CC,650,3392675000.0,23007921.352,1367327.687
1011,Morgan Energy Center,AL,34.6397,-87.0639,2003,Gas_CC,900,2958429000.0,22287849.863,1324531.448
1313,Middletown Energy Center,OH,39.465,-84.347778,2018,Gas_CC,543,3469907000.0,23119567.033,1373967.573
1143,Edgewood Energy LLC,NY,40.7861,-73.2931,2002,Gas_SC,100,91805000.0,864144.7660000001,51354.894
642,North 1st,NY,40.7171,-73.9664,2001,Gas_SC,47,55257000.0,520139.494,30911.431
1166,Wansley Combined Cycle,GA,33.406385,-85.036988,2002,Gas_CC,1238,8625756000.0,58146792.939,3455591.238
1321,Colorado Bend II,TX,29.289415,-96.065399,2017,Gas_CC,1228,5779141000.0,37756059.193,2243788.309
632,Terry Bundy Generating Station,NE,40.909653,-96.613086,2003,Gas_CC,212,161554000.0,1617826.487,96150.778
644,Chattahoochee Energy Facility,GA,33.4072,-85.0386,2003,Gas_CC,539,3464723000.0,23652938.358,1405661.706
1299,Charles D. Lamb Energy Center,OK,36.813889,-97.125278,2015,Gas_SC,122,118247000.0,1401776.227,83307.952
1327,Hummel Station LLC,PA,40.839014,-76.825517,2018,Gas_CC,1192,6364545000.0,43394135.915,2578849.0870000003
1139,Hanging Rock Energy Facility,OH,38.5731,-82.7833,2003,Gas_CC,1426,10207392000.0,70461678.136,4187432.042
560,Cane Island,FL,28.2764,-81.533,1994,Gas_CC,705,4016957000.0,28456574.801,1691151.239
663,Sylvarena,MS,31.982076,-89.412714,2003,Gas_SC,141,239332000.0,2170681.193,128997.608
1036,Dresden Energy Facility,OH,40.0928,-82.0276,2012,Gas_CC,676,4728086000.0,30093747.368,1788430.618
595,Theodore Cogen Facility,AL,30.525445,-88.128477,2000,Gas_CC,317,2066939000.0,13248743.35,787360.525
1261,West Deptford Energy Station,NJ,39.8414,-75.2214,2014,Gas_CC,754,2293408000.0,16421356.093,975894.662
915,Griffith Energy LLC,AZ,35.054029,-114.133272,2002,Gas_CC,653,2447489000.0,17111808.528,1016928.412
1281,Cheyenne Prairie Generating Station,WY,41.123611,-104.72,2014,Gas_SC,220,284687000.0,2791108.734,165867.066
76,Fort Myers,FL,26.6967,-81.7831,1958,Gas_CC,3298,9991866000.0,67975741.038,4041413.56
601,Tilton,IL,40.106125,-87.653818,1999,Gas_SC,188,123190000.0,1187466.184,70570.855
1308,Stonewall,VA,39.058056,-77.545,2017,Gas_CC,812,5067700000.0,33868405.689,2012750.541
1272,Cricket Valley Energy,NY,41.676111,-73.581111,2020,Gas_CC,1311,4040671000.0,28566967.668,1697691.544
1207,Empire Generating Co LLC,NY,42.625239,-73.750021,2010,Gas_CC,653,3015016000.0,21404682.856,1272056.188
1331,Tenaska Westmoreland Generating Station,PA,40.175249,-79.696665,2018,Gas_CC,1134,6418323000.0,44070327.49,2619041.5360000003
1254,Bear Garden,VA,37.695556,-78.285278,2011,Gas_CC,559,4402099000.0,30382240.542,1805606.03
589,River Road Gen Plant,WA,45.6497,-122.7256,1997,Gas_CC,248,1650057000.0,11767962.942,699342.272
1339,Birdsboro Power,PA,40.268522,-75.799669,2019,Gas_CC,525,3710328000.0,24210441.502,1438793.184
78,Port Everglades,FL,26.0856,-80.1253,1960,Gas_CC,3060,6500494000.0,40796329.79,2425341.361
1333,CPV Fairview Energy Center,PA,40.412,-78.855,2019,Gas_CC,1197,7395314000.0,46585752.289,2769719.794
1283,Woodbridge Energy Center,NJ,40.515,-74.318889,2015,Gas_CC,771,4570264000.0,27287383.501,1621651.051
1001,Tenaska Lindsay Hill Generating Station,AL,32.6514,-86.7386,2002,Gas_CC,939,1874407000.0,14490465.095,861178.546
1046,Thomas A Smith Energy Facility,GA,34.7094,-84.9175,2002,Gas_CC,1192,7359362000.0,52711239.017,3132551.997
1069,Tenaska Virginia Generating Station,VA,37.8667,-78.3813,2004,Gas_CC,1011,4572029000.0,32395611.093,1925324.45
1003,Aurora,IL,41.8151,-88.2265,2001,Gas_SC,1080,824938000.0,7770818.632,461804.32
1081,Lange Gas Turbines,SD,44.1203,-103.26,2002,Gas_SC,40,40236000.0,375206.784,22296.534
1336,St. Charles Power Station (LA),LA,30.01,-90.460833,2019,Gas_CC,1000,5995705000.0,41588645.251,2471553.306
1025,Hermiston Power Partnership,OR,45.794046,-119.313323,2002,Gas_CC,688,4053366000.0,28981097.866,1722304.795
1217,Treasure Coast Energy Center,FL,27.383889,-80.3775,2008,Gas_CC,410,1939531000.0,13851910.346,823197.605
604,Sowega Power,GA,31.3869,-84.08,1999,Gas_SC,98,76468000.0,731632.018,43481.607
1292,Newark Energy Center,NJ,40.707222,-74.125833,2015,Gas_CC,735,4369657000.0,28664342.957,1703477.068
561,Polk,FL,27.7286,-81.9897,1996,Gas_CC,3346,6723242000.0,46535344.085,2765306.193
1338,Hickory Run Energy Station,PA,40.994444,-80.43,2020,Gas_CC,1033,4267048000.0,27905721.799,1658395.573
1301,Hamilton Liberty,PA,41.7675,-76.39,2016,Gas_CC,870,5161125000.0,34521395.95,2051558.325
879,Berkshire Power,MA,42.0476,-72.6478,1999,Gas_CC,289,634499000.0,4525904.71,268970.39
1124,Lower Mount Bethel Energy,PA,40.801924,-75.107563,2004,Gas_CC,650,2225822000.0,15462154.051,918897.211
983,Energy Shelby County,IL,39.2794,-88.4772,2000,Gas_SC,480,331805000.0,3069795.5,181122.5
1060,Hillabee Energy Center,AL,33.000669,-85.903278,2010,Gas_CC,822,5420538000.0,36777104.596,2185607.354
1268,Ratcliffe,MS,32.654722,-88.762222,2014,Gas_CC,839,4609735000.0,31651622.68,1881009.101
1151,Curtis H Stanton Energy Center,FL,28.488246,-81.166944,2003,Gas_CC,1016,1944268000.0,15784197.49,938035.342
1250,Kleen Energy Systems Project,CT,41.553227,-72.596867,2011,Gas_CC,693,1832466000.0,12801399.367,760983.506
1305,LEPA Unit No. 1,LA,29.691111,-91.192778,2016,Gas_CC,74,210844000.0,1635772.625,97208.075
594,H Allen Franklin Combined Cycle,AL,32.6078,-85.0975,2002,Gas_CC,2680,12982872000.0,87423375.625,5195443.6
1312,Kings Mountain Energy Center,NC,35.2025,-81.363056,2018,Gas_CC,543,2929189000.0,19784814.126,1175782.836
1138,Bennett Mountain,ID,43.147153,-115.666637,2005,Gas_SC,392,315698000.0,3400267.35,202071.538
1318,Moxie Freedom Generation Plant,PA,41.113056,-76.158056,2018,Gas_CC,1058,5894096000.0,39173822.849,2328050.966
1012,Westbrook Energy Center Power Plant,ME,43.6575,-70.375,2001,Gas_CC,563,1133481000.0,6961177.045,413690.835
912,Rockingham County CT Station,NC,36.3297,-79.8297,2000,Gas_SC,975,667548000.0,6862918.011,408581.996
640,Hell Gate,NY,40.799,-73.9094,2001,Gas_SC,94,72684000.0,674065.1440000001,40058.627
1122,Chehalis Generating Facility,WA,46.6225,-122.9131,2003,Gas_CC,698,2536846000.0,17851412.103,1060882.092
1061,Osprey Energy Center Power Plant,FL,28.0525,-81.8083,2004,Gas_CC,644,2446131000.0,17320023.553,1029307.08
1049,Zion Energy Center,IL,42.4776,-87.895,2002,Gas_SC,990,582706000.0,6015143.555,358080.61600000004
1007,Big Sandy Peaker Plant,WV,38.3441,-82.5938,2001,Gas_SC,348,269174000.0,2687489.8,158624.9
597,Essex,MO,36.868206,-89.840173,1999,Gas_SC,229,91668000.0,1062467.131,63140.718
1057,Athens Generating Plant,NY,42.2728,-73.8492,2003,Gas_CC,1218,2004534000.0,14098037.034,837827.477
1311,Wildcat Point Generation Facility,MD,39.719364,-76.161625,2018,Gas_CC,1113,3110725000.0,20770286.164,1234346.086
1337,Lake Charles Power,LA,30.272631,-93.299056,2020,Gas_CC,1000,3326237000.0,22113306.498,1314161.819
1282,St Joseph Energy Center,IN,41.698992,-86.479699,2018,Gas_CC,2186,4844160000.0,31951260.599,1898816.536
1010,Decatur Energy Center,AL,34.6292,-87.0214,2002,Gas_CC,900,1553502000.0,11008537.459,654223.054
616,Marsh Run Generation Facility,VA,38.5283,-77.7681,2004,Gas_SC,708,596322000.0,5981067.2530000005,355516.912
1266,Langley Gulch Power Plant,ID,43.904444,-116.819722,2012,Gas_CC,318,1561807000.0,10555784.794,627313.996
1163,Warren County,VA,38.971667,-78.177222,2014,Gas_CC,1470,9347369000.0,63064073.155,3747810.748
641,Harlem River Yard,NY,40.7991,-73.9156,2001,Gas_SC,94,68281000.0,612916.188,36424.699
665,Grays Harbor Energy Facility,WA,46.9692,-123.48,2008,Gas_CC,696,2564204000.0,18162762.71,1079384.58
617,Louisa Generation Facility,VA,38.1181,-78.2139,2003,Gas_SC,507,378549000.0,4005133.685,238054.684
982,Lee Energy Facility,IL,41.8287,-89.4054,2001,Gas_SC,688,273592000.0,3387296.152,201305.252
1302,Hamilton Patriot Generation Plant,PA,41.180833,-76.839167,2016,Gas_CC,870,6295065000.0,41129444.085,2444269.373
637,Vernon Boulevard,NY,40.7537,-73.9508,2001,Gas_SC,94,77015000.0,681727.089,40516.26
1204,Cannon Falls Energy Center,MN,44.536688,-92.915528,2008,Gas_SC,346,226931000.0,2599902.5,153397.7
944,Rathdrum Power LLC,ID,47.7858,-116.9203,2001,Gas_CC,301,1714567000.0,11935557.032,709316.6059999999
1018,Baconton Power Plant,GA,31.3869,-84.08,2000,Gas_SC,240,153500000.0,1459241.299,86724.126
998,Edward L. Addison Generating Plant,GA,32.9111,-84.3064,2000,Gas_SC,700,369666000.0,3899301.86,231913.1
478,Somerset Operating Co LLC,NY,43.358889,-78.604722,1984,Coal,655,160448000.0,1699406.1590000002,174360.03000000003
326,West Lorain,OH,41.429444,-82.264444,1973,Gas_SC,555,73356000.0,888018.975,51151.294
159,Paddys Run,KY,38.223592,-85.841704,1968,Gas_SC,226,37974000.0,373420.159,22061.642
772,Indeck Oswego Energy Center,NY,43.471745,-76.493474,1990,Gas_CC,57,20428000.0,184664.225,10974.925
683,Waterford 1 & 2,LA,29.998884,-90.47684,1975,Gas_SC,931,134210000.0,1479339.405,88188.89199999999
184,Dickerson,MD,39.2097,-77.4644,1959,Coal,933,282632000.0,2854660.235,267877.677
145,Gordon Evans Energy Center,KS,37.7903,-97.521667,1961,Gas_SC,902,134118000.0,1473745.773,87637.59
254,Clark (NVE),NV,36.0875,-115.0507,1955,Gas_SC,1556,305307000.0,2762815.958,164189.31399999998
708,Carson Cogeneration,CA,33.8759,-118.2491,1989,Gas_CC,55,21575000.0,188613.65,11209.479
258,Merrimack,NH,43.1411,-71.4692,1960,Coal,494,143744000.0,1432798.63,144674.354
319,Avon Lake,OH,41.504453,-82.054619,1949,Coal,873,273478000.0,2536566.807,260085.369
341,Brunot Island,PA,40.464851,-80.043761,1972,Gas_CC,414,96989000.0,1344596.326,79904.876
259,Schiller,NH,43.0978,-70.7842,1952,Coal,171,26631000.0,516433.601,50943.944
361,Hagood,SC,32.8265,-79.9634,1991,Gas_SC,176,18096000.0,242570.411,16567.102
565,Sherman Avenue,NJ,39.451,-75.0578,1991,Gas_SC,112,18248000.0,216920.721,12892.044
196,Cleary Flood Hybrid,MA,41.8653,-71.1061,1966,Gas_CC,149,52643000.0,560039.6190000001,33339.974
1144,Shoreham Energy LLC,NY,40.957053,-72.865877,2002,Oil,100,41560000.0,340518.171,27632.448
773,Indeck Yerkes Energy Center,NY,42.9671,-78.9182,1989,Gas_CC,59,23979000.0,227488.85,13520.075
209,Syl Laskin,MN,47.5306,-92.1619,1953,Gas_SC,116,16321000.0,231467.104,13757.691
47,Glenarm,CA,34.126,-118.1494,1976,Gas_SC,263,59400000.0,553801.559,32911.778
737,Brush Generation Facility,CO,40.2415,-103.631,1990,Gas_CC,294,106917000.0,1205080.811,71619.13799999999
108,Will County,IL,41.6334,-88.0629,1955,Coal,1267,372616000.0,4087933.475,431771.475
410,Sam Rayburn,TX,28.8947,-97.135,1963,Gas_CC,238,89517000.0,972792.196,59365.893
353,TalenEnergy Martins Creek,PA,40.797762,-75.105416,1954,Gas_SC,2107,429311000.0,4799172.85,286181.735
571,Van Sant Station,DE,39.145036,-75.548172,1991,Gas_SC,45,7595000.0,99860.114,6053.573
427,Blount Street,WI,43.0789,-89.3744,1925,Gas_SC,187,32919000.0,447227.249,26577.625
405,J Robert Massengale,TX,33.6039,-101.8408,1952,Gas_CC,106,53979000.0,455395.248,27060.001
40,Grayson,CA,34.1556,-118.2782,1953,Gas_CC,353,116596000.0,1676318.122,99537.634
89,J D Kennedy,FL,30.364818,-81.625967,1973,Gas_SC,538,134223000.0,1300445.788,77451.624
400,Trinidad (TX),TX,32.124519,-96.101277,1965,Gas_SC,243,47639000.0,637461.958,37882.898
466,Big Cajun 2,LA,30.7261,-91.3692,1981,Coal,2632,1373749000.0,15225489.627,1075686.12
16,Saguaro,AZ,32.5517,-111.3,1954,Gas_SC,435,87338000.0,1160786.078,68982.795
261,Carlls Corner,NJ,39.4547,-75.2014,1973,Gas_SC,82,8936000.0,235613.9,14599.0
101,Ponca,OK,36.71979,-97.085758,1977,Gas_SC,48,13725000.0,123333.719,7329.908
140,Earl F Wisdom,IA,43.1606,-95.2569,1960,Gas_SC,118,26047000.0,338633.074,20167.172
739,Selkirk Cogen,NY,42.5744,-73.8592,1992,Gas_CC,445,156371000.0,1250217.304,74291.378
712,King City Power Plant,CA,36.225,-121.1278,1989,Gas_CC,132,76789000.0,633703.0889999999,37661.669
368,Aberdeen CT,SD,45.429884,-98.49396,1978,Gas_SC,110,30024000.0,326966.2,19346.300000000003
69,Edge Moor,DE,39.73886,-75.50384,1954,Gas_SC,709,192386000.0,2080091.785,123945.743
38,AES Redondo Beach LLC,CA,33.8504,-118.395,1954,Gas_SC,1316,320561000.0,4445420.7,264167.6
389,Knox Lee,TX,32.3766,-94.6415,1950,Gas_SC,501,142341000.0,1704954.682,101321.453
674,Blue Lake,MN,44.7855,-93.4315,1974,Gas_SC,556,164825000.0,1827951.462,108389.081
542,East 12th Street,KS,37.2367,-96.9625,1970,Gas_SC,27,7772000.0,95608.5,5637.0
406,Leon Creek,TX,29.3525,-98.5761,1953,Gas_SC,416,135777000.0,1268963.726,75409.791
680,Intercession City,FL,28.262778,-81.548611,1974,Gas_SC,1190,338375000.0,4261053.072,255443.943
684,Comanche (OK),OK,34.5431,-98.3244,1962,Gas_CC,294,147192000.0,2295895.651,136442.054
239,James River Power Station,MO,37.108611,-93.261944,1957,Gas_SC,450,127363000.0,1660484.109,99450.829
176,Houma,LA,29.5806,-90.7225,1948,Gas_SC,94,28765000.0,339518.653,20176.954
557,Darbytown,VA,37.498223,-77.368544,1990,Gas_SC,368,106638000.0,1346145.6,80893.3
399,Stryker Creek,TX,31.93985,-94.989834,1958,Gas_SC,712,226304000.0,2456600.196,145992.466
449,Cumberland (NJ),NJ,39.3757,-74.9654,1990,Gas_SC,230,77632000.0,621558.308,37631.501
205,J B Sims,MI,43.0706,-86.235,1983,Coal,80,38619000.0,356919.835,36621.025
448,Riverside (OK),OK,35.9978,-95.9567,1974,Gas_SC,1120,360773000.0,4471766.243,265563.063
409,R W Miller,TX,32.6581,-98.3103,1968,Gas_SC,602,200073000.0,2193265.5700000003,130374.992
398,Permian Basin,TX,31.5839,-102.9633,1958,Gas_SC,1094,360918000.0,4550546.2,268610.9
574,Anderson,IN,40.0529,-85.7389,1992,Gas_SC,167,9927000.0,126798.711,7556.836
411,Gadsby,UT,40.7686,-111.9289,1951,Gas_SC,491,163696000.0,1944972.928,115585.559
297,Bowline Point,NY,41.2044,-73.9689,1972,Gas_SC,1992,694789000.0,7048664.591,417872.923
395,Graham,TX,33.1344,-98.6117,1960,Gas_SC,634,224191000.0,2369463.469,140814.709
785,McKittrick Limited,CA,35.319503,-119.661992,1991,Gas_SC,46,16792000.0,157919.325,9383.5
764,Archbald Power Station,PA,41.485,-75.5406,1988,Gas_SC,91,33228000.0,324225.15,19269.75
187,Mystic Generating Station,MA,42.3908,-71.0675,1957,Gas_CC,2841,1933965000.0,14197747.535,844116.246
92,Larsen Memorial,FL,28.0797,-81.9228,1956,Gas_CC,158,103643000.0,1452965.512,86352.363
544,Gravel Neck,VA,37.1575,-76.6911,1970,Gas_SC,403,148614000.0,1907276.9,113015.2
154,Big Sandy,KY,38.1707,-82.6176,1963,Coal,1096,948161000.0,9072868.604,539187.029
128,Whitewater Valley,IN,39.8028,-84.8953,1955,Coal,93,40843000.0,461185.104,47316.611
402,Silas Ray,TX,25.9131,-97.5214,1952,Gas_CC,168,116528000.0,1470921.537,87410.28
183,Chalk Point LLC,MD,38.5444,-76.6861,1964,Gas_SC,2553,484178000.0,5546031.768,439272.376
322,Tait Electric Generating Station,OH,39.727249,-84.211084,1967,Gas_SC,677,267502000.0,3301464.8,194781.3
1280,Algonquin Power Sanger LLC,CA,36.6842,-119.5522,1990,Gas_CC,73,52836000.0,536778.508,31900.404
414,Clinch River,VA,36.9333,-82.1997,1958,Gas_SC,711,288032000.0,3096889.291,184039.754
166,Cooper,KY,36.9981,-84.5919,1965,Coal,343,176455000.0,1722022.663,176678.565
46,Valley (CA),CA,34.244991,-118.391327,1954,Gas_CC,1232,893450000.0,6397637.384,373259.724
396,Handley,TX,32.7283,-97.2192,1948,Gas_SC,1431,606086000.0,7200511.399999999,427917.228
1284,Wabash Valley Power IGCC,IN,39.53,-87.4247,1953,Gas_SC,304,125207000.0,1235512.162,73425.318
308,G G Allen,NC,35.1897,-81.0122,1957,Coal,1148,638355000.0,5705477.373,585379.488
832,Fortistar North Tonawanda,NY,43.0483,-78.8539,1993,Gas_CC,65,11980000.0,184773.137,10981.236
381,Mountain Creek,TX,32.7231,-96.9358,1945,Gas_SC,956,421671000.0,4755090.759000001,282593.319
264,Bergen Generating Station,NJ,40.8375,-74.0244,1959,Gas_CC,1415,1137911000.0,13251579.657,787560.252
573,Richmond,IN,39.839572,-84.965682,1992,Gas_SC,82,6162000.0,71253.057,4455.224
180,Perryman,MD,39.442836,-76.221761,1972,Gas_SC,545,219390000.0,2265402.118,140663.258
734,Badger Creek Limited,CA,35.483736,-119.029856,1991,Gas_SC,46,19723000.0,176720.125,10502.675
825,Lockport Energy Associates LP,NY,43.161947,-78.744971,1992,Gas_CC,219,118965000.0,1539734.668,91498.818
321,Conesville,OH,40.1842,-81.8811,1957,Coal,2172,1177468000.0,11834871.111,1213470.392
553,Woodsdale,OH,39.4492,-84.4611,1992,Gas_SC,570,66206000.0,1009049.666,60088.703
699,Energy Center Dover,DE,39.149549,-75.547335,1985,Gas_CC,118,94464000.0,844882.022,50212.926
380,Lake Hubbard,TX,32.8358,-96.5458,1970,Gas_SC,927,473910000.0,5233697.556,311027.425
37,Ormond Beach,CA,34.1292,-119.1689,1971,Gas_SC,1612,757790000.0,7227871.532,429541.632
867,Sun Peak Generating Station,NV,36.1375,-115.0339,1991,Gas_SC,222,128077000.0,1529402.831,90890.914
329,Richland,OH,41.305203,-84.334622,1965,Gas_SC,450,261701000.0,3145988.715,186960.261
437,West Marinette,WI,45.0869,-87.6881,1971,Gas_SC,185,116588000.0,1464473.521,86512.441
551,Hay Road,DE,39.7436,-75.5072,1989,Gas_CC,1193,1209513000.0,14348604.639,852744.125
511,Empire Energy Center,MO,37.1385,-94.1041,1978,Gas_SC,378,249804000.0,3304106.258,197016.755
34,El Segundo Power,CA,33.909804,-118.424172,1955,Gas_SC,996,440008000.0,3540209.776,210389.773
703,Pedricktown Cogeneration Company LP,NJ,39.7668,-75.4238,1992,Gas_CC,140,66386000.0,538471.775,32001.772
401,Decker Creek,TX,30.3033,-97.6128,1971,Gas_SC,930,718600000.0,8587296.678,486626.463
771,Indeck Silver Springs Energy Center,NY,42.6544,-78.0772,1991,Gas_CC,56,49046000.0,458029.775,27219.1
715,Sayreville Cogeneration Facility,NJ,40.439,-74.3444,1991,Gas_CC,429,351723000.0,2920807.696,173577.20200000002
337,Tulsa,OK,36.116492,-95.990974,1948,Gas_SC,443,286760000.0,3340183.4050000003,198503.179
23,Agua Fria,AZ,33.5561,-112.2153,1957,Gas_SC,611,346970000.0,3546740.864,210779.456
1079,Green Power 2,TX,29.378097,-94.932773,2003,Gas_CC,861,1322500000.0,48285090.776,2869502.616
545,McIntosh (AL),AL,31.2546,-88.0299,1991,Gas_SC,676,395499000.0,4000347.393,237737.219
336,Southwestern,OK,35.1009,-98.3524,1952,Gas_SC,657,504821000.0,6010680.263,356641.376
275,Reeves,NM,35.171,-106.6019,1960,Gas_SC,154,123633000.0,1455196.284,86479.228
812,Dartmouth Power Associates LP,MA,41.6731,-70.9994,1992,Gas_CC,96,49870000.0,418838.686,24925.136
27,Lake Catherine,AR,34.4341,-92.9049,1950,Gas_SC,751,499406000.0,5247637.251,311859.148
860,Grays Ferry Cogeneration,PA,39.942219,-75.188069,1997,Gas_SC,192,865346000.0,12846683.748,638441.926
1309,Cove Point LNG Terminal,MD,38.385456,-76.409796,1978,Gas_SC,224,1458257000.0,18978570.575,1012755.91
713,Bayou Cogen Plant,TX,29.6225,-95.0458,1984,Gas_SC,620,2322614000.0,32623627.833,1890563.488
106,Powerton,IL,40.5408,-89.6786,1972,Coal,1784,1043563000.0,12096674.75,1286625.38
838,Ocean State Power II,RI,42.0099,-71.6701,1991,Gas_CC,252,421685000.0,5073498.176,301591.385
512,Dansby,TX,30.7217,-96.4608,1978,Gas_SC,203,184525000.0,2087481.998,124061.837
873,Sweeny Cogen Facility,TX,29.0728,-95.745,1997,Gas_SC,572,3243291000.0,55995276.912,3327820.999
814,Elizabeth River Power Station,VA,36.775,-76.3083,1992,Gas_SC,387,87045000.0,1062716.2,63054.9
280,East River,NY,40.7281,-73.9742,1951,Gas_SC,716,2593206000.0,36564742.325,2173868.175
700,Gilroy Power Plant,CA,37.0001,-121.5367,1987,Gas_CC,130,116154000.0,940467.78,55885.3
136,Ames Electric Services Power Plant,IA,42.0258,-93.6089,1968,Gas_SC,108,263519000.0,3554398.289,210709.305
17,Yucca,AZ,32.7214,-114.7106,1959,Gas_SC,421,425651000.0,4890130.695,290612.052
810,Ocean State Power,RI,42.009722,-71.668909,1990,Gas_CC,252,442546000.0,5175091.072000001,307762.369
149,Chanute 2,KS,37.6953,-95.4586,1965,Gas_SC,64,243288000.0,3269468.305,193589.122
41,Joliet 29,IL,41.494636,-88.123827,1965,Gas_SC,1320,1091451000.0,11312187.925,670585.4299999999
391,Wilkes,TX,32.848163,-94.547986,1964,Gas_SC,882,751984000.0,7860591.172,467167.276
813,Nassau Energy Corp,NY,40.7264,-73.5892,1991,Gas_CC,55,141677000.0,1775502.244,105527.713
809,Carr Street Generating Station,NY,43.06132,-76.08239,1993,Gas_CC,121,73459000.0,937994.117,55745.064
212,Black Dog,MN,44.8108,-93.2501,1952,Gas_CC,1678,1610073000.0,13281633.484,789309.6950000001
460,Greenwood (MI),MI,43.1056,-82.6964,1979,Gas_SC,1070,1025811000.0,10833548.402,642438.498
407,O W Sommers,TX,29.308056,-98.3242,1972,Gas_SC,892,979976000.0,10762585.211,639604.099
279,Arthur Kill Generating Station,NY,40.591564,-74.200035,1959,Gas_SC,895,937632000.0,10129449.587,601846.01
385,Cedar Bayou,TX,29.75,-94.9256,1970,Gas_SC,2295,2006819000.0,20382213.632,1211289.521
363,Urquhart,SC,33.435,-81.9111,1953,Gas_CC,755,1363832000.0,15099214.228,899655.8539999999
331,Horseshoe Lake,OK,35.50866,-97.17969,1958,Gas_SC,973,1100144000.0,11918441.24,708294.052
800,Salinas River Cogeneration,CA,35.9515,-120.8679,1991,Gas_SC,38,260005000.0,3338059.135,198378.541
682,Gerald Andrus,MS,33.35,-91.1167,1975,Gas_SC,781,1038230000.0,11519664.597,684678.854
301,S A Carlson,NY,42.0933,-79.2478,1951,Gas_SC,95,69026000.0,643513.625,38231.6
3,Greene County,AL,32.6017,-87.7811,1965,Gas_SC,1288,1153839000.0,11641749.925,696954.552
8,Lowman Energy Center,AL,31.488019,-87.910747,1969,Coal,538,394730000.0,4043808.636,414894.287
631,H L Culbreath Bayside Power Station,FL,27.9072,-82.4231,1965,Gas_CC,2785,5013603000.0,53789560.455,3196640.9220000003
14,Ocotillo,AZ,33.4225,-111.9122,1960,Gas_SC,1137,778366000.0,6998883.022,415931.12
629,Encogen,WA,48.746,-122.486,1993,Gas_CC,175,258757000.0,3304024.002,196358.765
572,San Jacinto Steam Electric Station,TX,29.694838,-95.040622,1995,Gas_SC,176,932261000.0,12785306.369,759890.8809999999
291,Port Jefferson,NY,40.949696,-73.078507,1948,Gas_SC,590,600008000.0,6140145.224,369870.655
171,Little Gypsy,LA,30.005067,-90.461694,1961,Gas_SC,1249,1713462000.0,18307564.102,1087990.954
170,Teche,LA,29.822222,-91.5425,1953,Gas_SC,467,503159000.0,5116865.048,304082.141
371,Bull Run,TN,36.0211,-84.1567,1967,Coal,950,739769000.0,7270929.042,745998.767
351,New Castle Plant,PA,40.937939,-80.369007,1939,Gas_SC,424,595298000.0,6338136.165,376668.958
404,Sim Gideon,TX,30.1456,-97.2708,1965,Gas_SC,623,680051000.0,6856742.529,407490.218
843,Sumas Power Plant,WA,48.9905,-122.2733,1993,Gas_CC,124,335873000.0,4194252.959,249258.094
19,H Wilson Sundt Generating Station,AZ,32.16,-110.9047,1958,Gas_SC,736,1016524000.0,10599106.418,629887.725
334,Seminole,OK,34.96645,-96.7258,1971,Gas_SC,1724,2667360000.0,28228357.389,1677574.715
732,Hopewell Cogeneration,VA,37.291667,-77.281111,1990,Gas_CC,399,1501401000.0,17264209.884,1025984.208
628,Glenwood Landing,NY,40.8275,-73.6478,1967,Gas_SC,122,116181000.0,1116843.675,66625.55
185,Morgantown Generating Plant,MD,38.3592,-76.9767,1970,Coal,1548,1259835000.0,12531503.731,1284643.79
740,Masspower,MA,42.1575,-72.5225,1993,Gas_CC,260,256404000.0,2995553.975,178018.8
221,Chevron Oil,MS,30.34,-88.4919,1967,Gas_SC,169,600125000.0,6774642.308,402605.776
679,Anclote,FL,28.184444,-82.788611,1974,Gas_SC,1112,2373107000.0,25707131.313,1527741.288
718,Greenleaf 2 Power Plant,CA,39.1365,-121.6397,1989,Gas_SC,49,63901000.0,647270.177,38468.761
116,Harding Street,IN,39.711319,-86.196867,1941,Gas_SC,1176,1737404000.0,17931821.542,1065762.083
93,C D McIntosh Jr,FL,28.0801,-81.9229,1970,Gas_CC,1409,2031202000.0,21820771.667,1583518.393
96,S O Purdom,FL,30.162304,-84.200673,1963,Gas_CC,350,663452000.0,6650960.348,395280.832
287,E F Barrett,NY,40.616689,-73.647881,1956,Gas_SC,684,1469493000.0,15812832.339,941535.239
255,Fort Churchill,NV,39.1281,-119.1322,1968,Gas_SC,230,660444000.0,7254595.796,431131.175
224,Baxter Wilson,MS,32.2831,-90.9306,1967,Gas_SC,1327,1577580000.0,15533548.14,923362.417
107,Waukegan,IL,42.3833,-87.8133,1952,Coal,914,747412000.0,7877858.9,832780.45
394,Plant X,TX,34.1661,-102.4114,1952,Gas_SC,434,976440000.0,10435557.995,620181.384
100,Yates,GA,33.4622,-84.8986,1950,Gas_SC,1484,2428382000.0,25020975.687,1486953.61
273,Rio Grande,NM,31.8047,-106.5472,1957,Gas_SC,397,928728000.0,9949978.056,591310.323
73,Brandon Shores,MD,39.18,-76.5389,1984,Coal,1370,1148597000.0,12187110.157,1250397.931
844,Ferndale Generating Station,WA,48.828996,-122.685114,1994,Gas_CC,283,755266000.0,9434462.148,560670.863
851,Pratt & Whitney,CT,41.748327,-72.636693,1992,Gas_SC,25,85790000.0,985538.778,58569.66
796,Optim Energy Altura Cogen LLC,TX,29.8161,-95.10773,1985,Gas_CC,638,3400434000.0,38558836.591,2291515.129
446,Thomas C Ferguson,TX,30.558,-98.3705,1974,Gas_CC,1020,2336710000.0,23833676.627,1416400.308
103,Grand Tower Energy Center LLC,IL,37.6577,-89.511161,1951,Gas_CC,639,1171248000.0,11380872.664,676329.532
277,Cunningham,NM,32.7131,-103.3533,1957,Gas_SC,517,1345768000.0,14318869.367,850966.878
134,George Neal North,IA,42.299794,-96.361707,1964,Coal,1080,942043000.0,9719747.225,1019408.05
569,Richard M Flynn,NY,40.8158,-73.064,1994,Gas_CC,170,384941000.0,4680842.066,278476.368
393,Nichols,TX,35.283357,-101.746423,1960,Gas_SC,473,1351105000.0,14264860.448,847745.3369999999
294,Bethlehem Energy Center,NY,42.594196,-73.763752,1952,Gas_CC,1292,3346011000.0,34172719.047,2030841.502
897,Dearborn Industrial Generation,MI,42.3026,-83.154,1999,Gas_SC,747,3573856000.0,43465600.9,2132402.875
274,Maddox,NM,32.714224,-103.301469,1963,Gas_SC,210,524387000.0,5440333.754,323309.838
290,Northport,NY,40.923565,-73.342323,1967,Gas_SC,1564,3136361000.0,31779700.968,1892666.569
348,Shawville,PA,41.06755,-78.366228,1954,Gas_SC,632,1481276000.0,15157043.114,900764.211
223,Jack Watson,MS,30.4392,-89.0286,1957,Gas_SC,1212,2392307000.0,23890945.719,1416769.574
384,Sabine,TX,30.0242,-93.878,1962,Gas_SC,2049,4956860000.0,50392669.797,2994758.426
168,R S Nelson,LA,30.2844,-93.2911,1959,Gas_SC,1594,1017215000.0,11279371.814,1182981.035
124,Noblesville,IN,40.0969,-85.9714,1950,Gas_CC,283,1199041000.0,12602113.486,748959.963
333,Mustang,OK,35.46988,-97.67498,1950,Gas_SC,995,1161180000.0,10664970.871,629325.727
358,Manchester Street,RI,41.8167,-71.4042,1995,Gas_CC,515,1107067000.0,13565120.175,804654.425
305,Roxboro,NC,36.4833,-79.0731,1966,Coal,2573,2310556000.0,55418825.502,5681613.894
155,E W Brown,KY,37.78831,-84.71257,1957,Gas_SC,1748,1458548000.0,15795745.82,1516834.619
392,Jones,TX,33.5239,-101.7392,1971,Gas_SC,858,2817409000.0,28763007.782,1709344.851
84,Crist,FL,30.5661,-87.2244,1945,Coal,1226,1308078000.0,14486362.104,1263481.962
332,Muskogee,OK,35.76135,-95.28732,1956,Gas_SC,1889,2887174000.0,31639775.147,2623045.207
352,Brunner Island,PA,40.096111,-76.6962,1961,Gas_SC,1621,2060637000.0,19918795.885,1342783.238
203,St Clair,MI,42.7642,-82.4719,1953,Coal,1923,1885094000.0,19903603.932,2087492.367
53,McWilliams,AL,31.400255,-86.476449,1954,Gas_CC,653,2879239000.0,29887417.483,1776162.766
197,Dan E Karn,MI,43.644996,-83.840074,1959,Gas_SC,1945,1828950000.0,20504908.273,2109575.665
717,Foster Wheeler Mt Carmel Cogen,PA,40.811189,-76.452951,1990,Coal,47,41791000.0,774489.808,91160.458
694,Cheswick Power Plant,PA,40.5383,-79.7906,1970,Coal,637,645388000.0,6543784.6620000005,665475.228
284,Ravenswood,NY,40.759167,-73.946111,1963,Gas_SC,2633,2186656000.0,18367965.072,1089195.584
51,Martin Drake,CO,38.824444,-104.833333,1962,Gas_SC,257,449750000.0,5251736.758,504985.454
33,AES Alamitos LLC,CA,33.7688,-118.1009,1956,Gas_SC,2055,1785596000.0,15163913.192,901172.842
376,Kingston,TN,35.8992,-84.5194,1954,Coal,1700,1746724000.0,18878690.876,1958476.24
293,Greenidge Generation LLC,NY,42.6789,-76.9483,1950,Gas_SC,162,392792000.0,3849053.684,228303.061
837,Birchwood Power,VA,38.2667,-77.3147,1996,Coal,258,99801000.0,1058633.744,108615.784
854,NAEA Lakewood LLC,NJ,40.0613,-74.1686,1994,Gas_CC,235,165175000.0,1943860.847,115518.244
710,Castleton Energy Center,NY,42.5375,-73.7433,1992,Gas_CC,72,81970000.0,739155.058,43928.712
25,Apache Station,AZ,32.0603,-109.8931,1963,Gas_SC,658,2354923000.0,24173837.737,1683841.084
4,E C Gaston,AL,33.244211,-86.458056,1960,Gas_SC,2033,4159470000.0,44005747.7,3832358.702
869,Brooklyn Navy Yard Cogeneration,NY,40.699357,-73.976392,1996,Gas_CC,322,1616508000.0,18359005.639,1091072.527
822,C R Wing Cogen Plant,TX,32.273178,-101.422386,1987,Gas_CC,229,643828000.0,6149831.097,365478.925
575,George Neal South,IA,42.3006,-96.3617,1979,Coal,695,759395000.0,7135139.05,748335.0499999999
759,Paris Energy Center,TX,33.6968,-95.5577,1989,Gas_CC,264,408641000.0,3474746.948,206500.832
160,Elmer Smith,KY,37.7942,-87.0608,1964,Coal,445,501812000.0,4914382.851,504216.512
6,Dolet Hills,LA,32.030556,-93.569167,1986,Coal,720,793116000.0,7632777.63,830981.316
383,Lewis Creek,TX,30.4356,-95.5214,1970,Gas_SC,542,2362997000.0,23027716.052,1368501.96
768,Newark Bay Cogeneration Partnership LP,NJ,40.7197,-74.13,1993,Gas_CC,152,60115000.0,526378.4870000001,31281.952
129,Lansing,IA,43.3359,-91.1675,1948,Coal,339,405557000.0,4329877.575,453574.457
364,Wateree,SC,33.8264,-80.6228,1970,Coal,770,914984000.0,8639431.337000001,886406.4909999999
483,Sooner,OK,36.45307,-97.05279,1979,Coal,2088,2562602000.0,26416800.709,2765181.454
382,Newman,TX,31.983587,-106.431777,1960,Gas_CC,879,3118790000.0,29565593.574,1757096.285
105,Kincaid Generation LLC,IL,39.590556,-89.496389,1967,Coal,1318,1624422000.0,16187689.842,1697765.107
95,Arvah B Hopkins,FL,30.4522,-84.4,1970,Gas_CC,1107,1412279000.0,11056639.06,657115.279
479,R M Schahfer,IN,41.2164,-87.0261,1976,Coal,2200,3160356000.0,36912136.116,3810973.865
447,Barney M Davis,TX,27.6064,-97.3117,1974,Gas_CC,1081,1335596000.0,10299947.489,612109.759
554,Concord,WI,43.1669,-88.69,1993,Gas_SC,380,93118000.0,1246087.077,74053.895
86,Big Bend,FL,27.7944,-82.4036,1969,Coal,2076,3335206000.0,40258076.805,2852606.378
42,El Centro Hybrid,CA,32.802222,-115.54,1952,Gas_CC,435,660521000.0,5363384.605,318738.575
876,Androscoggin Energy Center,ME,44.506315,-70.242312,1999,Gas_SC,162,374378000.0,4668678.569,277735.255
335,Northeastern,OK,36.4317,-95.7008,1961,Coal,1949,3054286000.0,34998029.009,2688246.005
433,Edgewater,WI,43.715142,-87.705863,1951,Coal,833,1189922000.0,12373316.499,1297712.24
217,Hoot Lake,MN,46.290641,-96.043252,1914,Coal,137,213468000.0,2501980.075,262407.725
536,Rawhide,CO,40.860905,-105.021207,1984,Gas_SC,798,2221328000.0,20670571.479,2088151.445
898,Taft Cogeneration Facility,LA,29.9888,-90.4599,2002,Gas_CC,892,3652995000.0,42945276.377,2552160.82
373,Gallatin (TN),TN,36.3156,-86.4006,1956,Coal,1914,2765308000.0,27983225.26,2853724.553
113,Dallman,IL,39.754803,-89.602389,1968,Coal,617,916183000.0,9252006.177,946787.427
87,Deerhaven Generating Station,FL,29.7592,-82.3878,1972,Coal,469,750718000.0,8258550.147,622402.804
881,Cherokee County Cogen,SC,35.0727,-81.613,1998,Gas_CC,101,238778000.0,2776713.647,165015.424
215,Allen S King,MN,45.03,-92.7786,1958,Coal,598,894925000.0,8883284.94,931679.661
744,Las Vegas Generating Station,NV,36.2319,-115.1222,1994,Gas_CC,354,270089000.0,2819195.911,167537.117
244,Lon Wright,NE,41.4281,-96.4623,1957,Coal,211,327347000.0,3305806.129,340384.907
743,Camden Plant Holdings LLC,NJ,39.9175,-75.1192,1993,Gas_CC,172,119443000.0,1073546.751,63797.797
831,Kennedy International Airport Cogen,NY,40.6417,-73.7778,1994,Gas_CC,171,431255000.0,4316863.858,256622.174
379,Victoria,TX,28.7883,-97.01,1955,Gas_CC,712,966155000.0,7497727.98,445582.317
530,Independence Steam Electric Station,AR,35.678442,-91.408761,1983,Coal,1800,3136187000.0,35188269.116000004,3688666.339
994,Whiting Clean Energy,IN,41.6739,-87.4775,2002,Gas_CC,575,2259294000.0,26051463.417,1548203.317
28,Thomas Fitzhugh,AR,35.462382,-93.804926,1963,Gas_CC,185,434792000.0,3751482.31,223336.403
20,Oklaunion,TX,34.0825,-99.1753,1986,Coal,720,1209201000.0,12914358.63,1354458.972
469,Nearman Creek,KS,39.1681,-94.6975,1981,Coal,671,1208375000.0,13611277.482,1423278.426
859,Live Oak Limited,CA,35.4837,-119.0298,1992,Gas_SC,46,22116000.0,196218.7,11659.3
518,Scherer,GA,33.0606,-83.8075,1982,Coal,3564,6455829000.0,71558364.304,7505037.866
784,Westwood Generation LLC,PA,40.6191,-76.45,1987,Coal,36,214724000.0,3723178.783,440344.765
978,Liberty Electric Power Plant,PA,39.8614,-75.3358,2002,Gas_CC,614,2411821000.0,27416463.35,1629330.79
114,Marion,IL,37.619747,-88.953114,1963,Coal,422,1000046000.0,12859348.206,1356548.317
507,Tolk,TX,34.186494,-102.56999,1982,Coal,1134,2029709000.0,21336678.285,2222219.412
346,Homer City Generating Station,PA,40.512825,-79.196107,1969,Coal,2012,3413527000.0,33998054.615,3488198.994
498,Rockport,IN,37.9256,-87.0372,1984,Coal,2600,4358302000.0,41905763.266,4383521.255
811,Doswell Energy Center,VA,37.820805,-77.446246,1991,Gas_CC,1313,5804767000.0,52120200.275,3097620.62
126,F B Culley,IN,37.9111,-87.3275,1955,Coal,414,1020047000.0,12318607.888,1258642.022
313,R M Heskett,ND,46.8669,-100.8836,1954,Coal,203,459560000.0,5172104.727,561996.822
1029,Ironwood LLC,PA,40.3509,-76.3658,2001,Gas_CC,777,3300793000.0,35940023.9,2135860.525
930,Lake Road Generating Plant,CT,41.872043,-71.895799,2002,Gas_CC,840,3619711000.0,39772251.212,2363498.479
833,Stony Brook Cogen Plant,NY,40.916833,-73.129056,1995,Gas_SC,47,350411000.0,3334709.923,198180.252
493,Welsh,TX,33.05522,-94.839993,1977,Coal,1674,3587706000.0,38601790.456,4048551.427
592,Tiger Bay,FL,27.746369,-81.849446,1997,Gas_CC,277,517793000.0,5725426.534,340251.62
1170,Hunterstown Power Plant,PA,39.8725,-77.1672,2003,Gas_CC,898,4282993000.0,46596373.326,2769155.771
452,White Bluff,AR,34.4228,-92.1406,1980,Coal,1800,4195667000.0,46014977.17,4824080.41
162,Shawnee,KY,37.1517,-88.775,1953,Coal,1750,4089194000.0,44866116.756,4705547.174
138,Muscatine Plant #1,IA,41.3917,-91.0569,1958,Coal,293,811937000.0,9568391.947,1003529.785
693,North Valmy,NV,40.881317,-117.151605,1981,Coal,566,1085346000.0,10399050.569,1090649.724
728,Ebensburg Power,PA,40.455,-78.7472,1990,Coal,57,338299000.0,4743554.563,517889.946
529,R D Green,KY,37.6461,-87.5,1979,Coal,586,1302573000.0,13717138.673,1407376.869
906,Sabine Cogen,TX,30.0444,-93.771389,2000,Gas_CC,105,114266000.0,1585069.487,94199.018
514,Winyah,SC,33.33184,-79.357236,1975,Coal,1260,2631016000.0,26210305.23,2689178.031
480,Lewis & Clark,MT,47.6785,-104.15665,1958,Coal,68,256912000.0,3179862.54,345979.82
568,Redding Power,CA,40.507292,-122.423281,1989,Gas_CC,180,340140000.0,2737669.894,162700.347
276,San Juan,NM,36.8006,-108.4386,1973,Coal,1848,5352045000.0,59622703.411,6249613.377
13,Cholla,AZ,34.9394,-110.3033,1962,Coal,1127,3529723000.0,40707844.837,4176620.563
454,Newton,IL,38.9361,-88.2781,1977,Coal,1234,2860079000.0,28793934.068,3019906.626
325,W H Sammis,OH,40.5317,-80.6319,1959,Coal,2464,5476431000.0,53871683.463,5650061.447
765,Bethpage Power Plant,NY,40.7469,-73.4994,1989,Gas_CC,238,539271000.0,4442748.961,264031.917
207,Erickson Station,MI,42.692222,-84.657222,1973,Coal,154,616427000.0,7461886.34,782601.455
419,Transalta Centralia Generation,WA,46.755938,-122.859764,1972,Coal,1778,5470187000.0,60929479.257,6390281.626
510,Merom,IN,39.0694,-87.5108,1982,Coal,1080,2808884000.0,29308006.55,3007001.638
543,Major Oak Power,TX,31.091925,-96.69503,1990,Coal,948,2702959000.0,28259329.438,3076585.624
11,Escalante,NM,35.4159,-108.082,1984,Coal,257,637931000.0,6378643.973,668993.557
567,Hines Energy Complex,FL,27.788215,-81.869983,1999,Gas_CC,3296,7497927000.0,82539135.494,4905994.901000001
423,Mitchell (WV),WV,39.8297,-80.8153,1971,Coal,1632,3956208000.0,39052565.323,4000630.396
933,Lost Pines 1 Power Project,TX,30.1478,-97.2714,2001,Gas_CC,608,1940683000.0,21070905.502,1252212.01
440,Genoa,WI,43.5589,-91.2325,1969,Coal,345,1006246000.0,10542454.298,1105690.912
487,Boardman,OR,45.693182,-119.808819,1980,Coal,642,1747200000.0,17715313.534,1857983.613
111,Baldwin Energy Complex,IL,38.205,-89.8544,1970,Coal,1893,4473276000.0,42583477.514,4466151.61
21,Cross,SC,33.371506,-80.113235,1984,Coal,2389,6832826000.0,71046981.476,7289416.468
227,Hawthorn,MO,39.1306,-94.4778,1969,Coal,1045,2381292000.0,22713664.04,2263843.506
499,Coronado,AZ,34.5789,-109.2708,1979,Coal,820,3000622000.0,32998176.892,3460853.88
234,Sioux,MO,38.915479,-90.290247,1967,Coal,1098,3014662000.0,30181257.813,3165411.165
445,John P Madgett,WI,44.303583,-91.912647,1979,Coal,387,1566399000.0,17609570.054,1846887.813
455,East Bend,KY,38.9036,-84.8514,1981,Coal,772,2492997000.0,26608833.796,2730062.755
97,Bowen,GA,34.1256,-84.9222,1971,Coal,3538,8768072000.0,84573288.441,8677220.883
49,Comanche (CO),CO,38.2081,-104.5747,1973,Coal,1634,4648786000.0,47269634.09,4883250.386
491,A B Brown,IN,37.9053,-87.715,1979,Coal,706,2369786000.0,25549087.069,2609644.344
534,Louisa,IA,41.3181,-91.0931,1983,Coal,811,2046614000.0,19483009.331,2043380.589
362,McMeekin,SC,34.0556,-81.2172,1958,Gas_SC,292,1105026000.0,9416088.506,558190.689
505,Brame Energy Center,LA,31.395,-92.716667,1975,Coal,1706,5368708000.0,56392476.86,5593480.331
509,Laramie River Station,WY,42.108889,-104.8825,1981,Coal,1710,8652304000.0,97551039.731,10231153.943
459,Belle River,MI,42.7756,-82.495,1981,Coal,1659,4950838000.0,49747806.267,5018291.802
1133,Choctaw County,MS,33.2881,-89.4201,2003,Gas_CC,899,3511191000.0,37344958.965,2219356.867
558,Clover,VA,36.869,-78.704,1995,Coal,848,1360680000.0,13959582.122,1432252.161
504,San Miguel,TX,28.7044,-98.4775,1982,Coal,410,2610918000.0,29608943.004,3223528.661
783,Eagle Point Power Generation,NJ,39.8746,-75.1592,1990,Gas_CC,251,551910000.0,4437364.26,263724.553
119,AES Petersburg,IN,38.5281,-87.2525,1967,Coal,2150,6925548000.0,70137795.295,7196134.229
442,Naughton,WY,41.7581,-110.5983,1963,Coal,832,2905299000.0,30338463.637,3056807.435
32,Limestone,TX,31.4219,-96.2525,1985,Coal,1849,6332172000.0,63944990.991,6702640.393999999
547,J K Spruce,TX,29.309722,-98.3203,1992,Coal,1444,5671932000.0,61814937.049,6342205.970000001
388,W A Parish,TX,29.4828,-95.6311,1958,Coal,4005,11731786000.0,116339094.918,11373985.015
863,Milford Power LP,MA,42.129361,-71.511496,1993,Gas_CC,248,207225000.0,1756061.57,104361.763
1058,Effingham County Power Project,GA,32.277252,-81.284411,2003,Gas_CC,595,1905950000.0,20766046.055,1234096.351
500,Coleto Creek,TX,28.7128,-97.214167,1980,Coal,622,2705523000.0,28661161.895,3005980.887
45,Scattergood,CA,33.918151,-118.427648,1958,Gas_SC,1714,1773127000.0,13597388.757,794092.53
225,Moselle,MS,31.528,-89.3004,1970,Gas_CC,509,1882630000.0,15859938.67,942495.124
635,Pirkey,TX,32.4607,-94.4852,1985,Coal,721,2379413000.0,22761955.815,2478093.857
441,Dave Johnston,WY,42.8378,-105.7769,1959,Coal,921,4779630000.0,51464143.522,5397569.887
736,AES Warrior Run Cogeneration Facility,MD,39.595171,-78.745333,1999,Coal,229,949524000.0,11908738.447,1221680.864
513,Pawnee,CO,40.2217,-103.6803,1981,Coal,552,3337217000.0,36728409.412,3851491.118
210,Clay Boswell,MN,47.2611,-93.6528,1958,Coal,1072,4629537000.0,47968429.253,5023355.5940000005
22,Seminole (FL),FL,29.733056,-81.632778,1984,Coal,2278,7093448000.0,68315035.552,7009117.937
172,Nine Mile Point,LA,29.9472,-90.1458,1951,Gas_SC,2788,9734496000.0,81544367.131,4846137.255
678,Belews Creek,NC,36.2811,-80.0603,1974,Coal,2490,5751348000.0,51475866.161,4846203.945
1035,Pleasants Energy LLC,WV,39.3325,-81.3642,2002,Gas_SC,344,1712479000.0,17086432.614,1015467.083
115,Clifty Creek,IN,38.7378,-85.4206,1955,Coal,1302,4881738000.0,48939578.429,5021194.772
673,Columbia (WI),WI,43.4864,-89.4203,1975,Coal,1112,5644215000.0,59242619.219,6212741.745
535,Warrick,IN,37.915,-87.3328,1960,Coal,821,5239879000.0,57585408.857,5908255.332
686,Jim Bridger,WY,41.7378,-108.7875,1974,Coal,2441,11336603000.0,117039764.935,12275116.354
52,Hayden,CO,40.4856,-107.185,1965,Coal,465,2286358000.0,24115724.321,2474266.67
457,Craig (CO),CO,40.4627,-107.5912,1979,Coal,1426,7639894000.0,80418011.579,8434235.936
1077,Deer Park Energy Center,TX,29.713414,-95.134508,2003,Gas_CC,1176,7606662000.0,74957014.012,4454592.061
855,Yuma Cogeneration Associates,AZ,32.728822,-114.654053,1994,Gas_CC,62,113945000.0,1041395.097,61884.789
556,Cope,SC,33.3644,-81.03,1996,Gas_SC,417,1028009000.0,9646353.337,693924.287
475,Colstrip,MT,45.8831,-106.614,1975,Coal,2362,8885187000.0,86999147.495,9121047.328
90,Northside Generating Station,FL,30.4172,-81.5525,1966,Coal,1405,5080842000.0,55671482.453,4623721.522
887,Black Hawk Station,TX,35.6957,-101.36,1999,Gas_SC,369,1874490000.0,17991850.827,1064517.741
372,Cumberland (TN),TN,36.3903,-87.6539,1973,Coal,2600,10186573000.0,101328432.745,10382601.489
692,Springerville,AZ,34.3186,-109.1639,1985,Coal,2176,8527353000.0,83732537.387,8777652.853
272,Four Corners,NM,36.69,-108.4814,1963,Coal,2269,8243761000.0,80177568.04,8226212.118
624,Brandy Branch,FL,30.320556,-81.947222,2001,Gas_CC,783,3608274000.0,35947312.271,2136338.607
123,Edwardsport,IN,38.8067,-87.2472,1944,Coal,947,2897761000.0,23563498.544,2994571.452
540,D B Wilson,KY,37.4497,-87.0806,1984,Coal,509,2511569000.0,25905336.594,2657884.525
501,Fayette Power Project,TX,29.9172,-96.7506,1979,Coal,1690,9411477000.0,97702623.278,10247053.41
378,Nueces Bay,TX,27.819412,-97.419203,1949,Gas_CC,941,1252086000.0,9111852.548,541505.7170000001
88,John R Kelly,FL,29.6461,-82.3208,1958,Gas_CC,237,833568000.0,6915963.718,410986.712
494,Martin Lake,TX,32.2606,-94.5706,1977,Coal,3179,14044368000.0,135840242.896,14788925.215
1137,Dean,MI,42.7725,-82.4953,2002,Gas_SC,356,738897000.0,8601439.405,511160.287
310,James E. Rogers Energy Complex,NC,35.22,-81.7594,1940,Coal,2540,5789040000.0,50317830.194,4597599.933
102,E D Edwards,IL,40.5958,-89.6631,1960,Coal,779,3338667000.0,32727715.523,3432477.373
312,Marshall (NC),NC,35.5975,-80.9658,1965,Coal,2118,6545010000.0,59710933.33499999,6104876.479
110,Joppa Steam,IL,37.2094,-88.858889,1953,Coal,1098,4492161000.0,44699839.569,4446866.1
689,"Gavin Power, LLC",OH,38.9347,-82.1158,1974,Coal,2600,14344976000.0,146937430.286,15074332.081
350,Keystone,PA,40.6604,-79.3411,1967,Coal,1880,7931612000.0,77364299.749,7937574.553
941,Eastman Cogeneration Facility,TX,32.4481,-94.6903,2001,Gas_CC,467,2560304000.0,24894178.654,1479433.551
420,John E Amos,WV,38.4731,-81.8233,1971,Coal,2932,11396439000.0,109028027.615,11181736.999
357,Hunlock Power Station,PA,41.200556,-76.07,1959,Gas_CC,145,269228000.0,2075792.719,123361.755
316,Cardinal,OH,40.2522,-80.6486,1967,Coal,1880,9760784000.0,98432593.129,10088892.151
450,James H Miller Jr,AL,33.6319,-87.0597,1978,Coal,2820,17594945000.0,179699736.425,18846905.225
613,Smarr Energy Center,GA,32.9842,-83.8464,1999,Gas_SC,242,277558000.0,3503189.2800000003,208189.588
648,Wansley Unit 9,GA,33.4083,-85.0403,2004,Gas_CC,592,2138515000.0,22487977.908,1336428.957
614,John S Rainey,SC,34.347734,-82.774478,2001,Gas_CC,1632,4222107000.0,44888370.774,2667136.603
489,Gibson,IN,38.372222,-87.765833,1975,Coal,3335,12883913000.0,121401225.622,12455766.038
607,Bonanza,UT,40.0864,-109.2844,1986,Coal,609,3474383000.0,34851215.795,3575733.558
327,Kyger Creek,OH,38.9144,-82.1289,1955,Coal,1085,5271043000.0,51540009.535,5287990.864
451,Pleasants Power Station,WV,39.366667,-81.294444,1979,Coal,1368,5439737000.0,51133697.24,5246313.091
688,Huntington,UT,39.3792,-111.0781,1974,Coal,1037,4963083000.0,47834902.969,4907864.5600000005
345,Conemaugh,PA,40.3842,-79.0611,1970,Coal,1962,8186225000.0,76568322.164,7850456.132999999
497,Hunter,UT,39.1747,-111.0289,1978,Coal,1577,8738927000.0,84948794.276,8715742.669
158,Mill Creek (KY),KY,38.0525,-85.9103,1972,Coal,1715,7340568000.0,68286753.78299999,6995650.739
520,Mountaineer,WV,38.9794,-81.9344,1980,Coal,1300,5764921000.0,53620440.307,5491899.428
156,Ghent,KY,38.7497,-85.035,1974,Coal,2224,10911256000.0,102797458.607,10547018.842
526,Intermountain Power Project,UT,39.509731,-112.58018,1986,Coal,1640,7314550000.0,67177712.5,6892435.775
555,South Fond Du Lac,WI,43.7353,-88.496667,1993,Gas_SC,380,27556000.0,459570.29,27342.738
365,Williams,SC,33.0158,-79.9297,1972,Coal,711,2923951000.0,26361645.203,2704237.285
318,Miami Fort,OH,39.1128,-84.8036,1949,Coal,1441,7310885000.0,68113794.29,6988482.331
456,W H Zimmer,OH,38.8675,-84.2289,1991,Coal,1425,6078823000.0,54657422.842,5591345.667
537,Sikeston Power Station,MO,36.8791,-89.6209,1981,Coal,261,1783184000.0,16880136.51,1770392.745
938,Granite Ridge,NH,42.9042,-71.4261,2003,Gas_CC,790,2120035000.0,22565329.077,1341025.934
232,Labadie,MO,38.562244,-90.837686,1970,Coal,2388,17359426000.0,163826168.915,17182089.668
421,FirstEnergy Fort Martin Power Station,WV,39.710833,-79.9275,1967,Coal,1152,5568901000.0,50443729.948,5175523.081
461,H L Spurlock,KY,38.7,-83.8181,1977,Coal,1607,8104889000.0,73851755.807,7577184.401000001
612,Rowan,NC,35.7314,-80.6019,2001,Gas_SC,1190,3016686000.0,31680685.36,1882801.645
472,Trimble County,KY,38.5847,-85.4117,1990,Coal,2594,9717610000.0,84222695.172,8478734.484
788,JM Shafer Generating Station,CO,40.0986,-104.7736,1994,Gas_CC,394,789312000.0,6947369.705,412872.974
473,Victor J Daniel Jr,MS,30.5322,-88.5553,1977,Gas_CC,2226,11271082000.0,86375917.652,6399159.56
495,Rush Island,MO,38.131248,-90.263157,1976,Coal,1242,7865413000.0,71684445.991,7518268.246
985,Red Oak Power LLC,NJ,40.448674,-74.348879,2002,Gas_CC,820,1871654000.0,20034977.415,1190652.614
1140,Buchanan Generation LLC,VA,37.175278,-81.961388,2002,Gas_SC,88,461314000.0,4357006.208,258931.451
690,Ray D Nixon,CO,38.633451,-104.70577,1980,Coal,281,1384958000.0,12034998.047,1258624.29
1013,Blythe Energy Inc,CA,33.6157,-114.6865,2003,Gas_CC,591,1299373000.0,14184216.271,842948.417
422,FirstEnergy Harrison Power Station,WV,39.384167,-80.3325,1972,Coal,2052,11779753000.0,104654602.334,10737557.678
963,ANP Blackstone Energy Project,MA,42.059876,-71.515811,2001,Gas_CC,578,951288000.0,10517931.658,625063.477
62,Stanton Energy Center,FL,28.4822,-81.1678,1987,Coal,1260,5925807000.0,54802139.683,4917903.897
562,Woodland,CA,37.652602,-121.020397,1993,Gas_CC,195,409127000.0,3408812.739,202588.743
962,ANP Bellingham Energy Project,MA,42.110577,-71.453468,2002,Gas_CC,578,971792000.0,10925397.196,649280.37
1238,San Jacinto County Peaking Facility,TX,30.4193,-95.0118,2001,Gas_SC,170,239685000.0,2826051.008,167945.994
893,Millennium Power,MA,42.112291,-72.015113,2001,Gas_CC,427,686521000.0,7559875.478,449275.269
579,Midulla Generating Station,FL,27.641667,-81.9625,2002,Gas_CC,1408,2970151000.0,31501150.87,1872084.595
903,Kalamazoo River Generating Station,MI,42.281345,-85.494956,1999,Gas_SC,77,78808000.0,959163.599,57002.899000000005
48,Cherokee,CO,39.807275,-104.964548,1957,Gas_CC,1425,4021840000.0,31338454.353,1862330.822
913,RS Cogen,LA,30.221,-93.2992,2002,Gas_CC,493,2780683000.0,25617820.258,1522424.954
1197,TS Power Plant,NV,40.7461,-116.5297,2008,Coal,406,1143626000.0,11928645.191,1249532.799
1135,Allegheny Energy Units 3 4 & 5,PA,40.545278,-79.768611,2003,Gas_CC,556,2953703000.0,27488148.366,1633579.8
582,Rathdrum,ID,47.80427,-116.867312,1994,Gas_SC,166,164655000.0,1539881.405,91511.305
585,Carson Ice-Gen Project,CA,38.445681,-121.462387,1995,Gas_CC,125,243467000.0,2155557.809,128351.739
559,Angus Anson,SD,43.60347,-96.6356,1994,Gas_SC,404,144971000.0,1656245.238,98691.592
1130,Bayswater Peaking Facility LLC,NY,40.610654,-73.762218,2002,Gas_SC,60,121135000.0,1267992.191,80206.897
416,Chesterfield,VA,37.3822,-77.3833,1952,Coal,1797,3645796000.0,30464363.285,2020768.003
15,West Phoenix,AZ,33.4417,-112.1583,1948,Gas_CC,1324,2726067000.0,20384204.648,1211403.972
866,Gordonsville Energy LP,VA,38.124688,-78.203543,1994,Gas_CC,300,1189547000.0,9992829.717,594369.426
827,Indeck Olean Energy Center,NY,42.085944,-78.45425,1994,Gas_CC,90,87172000.0,748123.9500000001,44458.975
256,Tracy,NV,39.5625,-119.525,1961,Gas_CC,1179,4752087000.0,37371457.612,2220932.507
1119,Chambersburg,PA,39.866944,-77.685833,2001,Gas_SC,86,244839000.0,2372710.203,141002.856
1253,Cedar Bayou 4,TX,29.751645,-94.92312,2009,Gas_CC,534,1142069000.0,12884676.997,765719.9619999999
408,V H Braunig,TX,29.2567,-98.3825,1966,Gas_SC,1138,4133757000.0,32127964.626,1909358.638
1043,Gans,PA,39.7475,-79.838888,2000,Gas_SC,86,207691000.0,2013410.143,119653.753
44,Haynes,CA,33.764741,-118.09913,1962,Gas_SC,2882,3802589000.0,28051436.0,1636605.754
1117,Blue Spruce Energy Center,CO,39.747875,-104.681404,2003,Gas_SC,396,521191000.0,6192582.07,368052.31
917,Manchief Electric Generating Station,CO,40.217143,-103.68504,2000,Gas_SC,300,470307000.0,4941013.271,293636.626
1142,Hardin Generator Project,MT,45.7578,-107.6,2006,Coal,115,62035000.0,764993.942,79515.822
1235,John W Turk Jr Power Plant,AR,33.649722,-93.811944,2012,Coal,609,3751582000.0,32814037.894,3441534.109
656,Sumpter,MI,42.167,-83.5318,2002,Gas_SC,340,352070000.0,4396849.717,261295.699
586,SCA Cogen 2,CA,38.530943,-121.400128,1997,Gas_CC,191,669426000.0,5791207.806,344162.804
570,Almond Power Plant,CA,37.5744,-120.985,1996,Gas_SC,223,266714000.0,2568416.243,152638.392
1247,Longview Power Plant,WV,39.707893,-79.958974,2011,Coal,807,5487405000.0,46366753.596,4757227.216
462,Manatee,FL,27.6058,-82.3456,1976,Gas_SC,2949,9844684000.0,74676196.824,4450233.3780000005
951,Springdale 1 & 2,PA,40.546667,-79.768333,1999,Gas_SC,86,170621000.0,1629611.879,96846.165
1300,W.A. Parish Carbon Capture Plant,TX,29.475278,-95.634167,2013,Gas_SC,102,154859000.0,1955909.002,116237.519
926,Hawk Road Facility,GA,33.358472,-84.991391,2001,Gas_SC,495,643567000.0,7035119.319,418089.721
35,AES Huntington Beach LLC,CA,33.6439,-117.9792,1958,Gas_SC,1021,1322790000.0,9458494.236,562099.998
302,Asheville,NC,35.4731,-82.5417,1964,Gas_CC,1421,3057631000.0,22039315.643,1319492.146
1111,West Valley Generation Project,UT,40.6667,-112.0317,2001,Gas_SC,215,330479000.0,3349995.483,199087.061
1033,Armstrong,PA,40.638021,-79.351725,2002,Gas_SC,688,1193104000.0,11962091.217,711238.865
733,Bear Mountain Limited,CA,35.419181,-118.926643,1995,Gas_SC,46,43642000.0,397448.05,23620.25
877,Rio Bravo,NM,35.026,-106.644,2000,Gas_SC,150,131297000.0,1508569.722,89766.982
488,Fort St Vrain,CO,40.2461,-104.8742,1996,Gas_CC,1147,3805730000.0,30889043.449,1835692.174
0,Barry,AL,31.0069,-88.0103,1954,Coal,2839,11673453000.0,91895874.8,6846726.2
856,Goal Line LP,CA,33.1185,-117.0995,1994,Gas_CC,51,20729000.0,170920.884,10156.825
39,Mountainview Generating Station,CA,34.0818,-117.2418,1957,Gas_CC,1164,2973461000.0,21384891.706,1270879.594
83,P L Bartow,FL,27.859535,-82.601759,1958,Gas_CC,1966,7013834000.0,51241127.322,3045188.213
894,Brownsville Peaking Power,TN,35.5438,-89.198,1999,Gas_SC,460,334949000.0,3834429.612,227873.668
1171,Bluffview,NM,36.716628,-108.215282,2005,Gas_CC,67,378099000.0,3146952.191,187015.089
1263,Pueblo Airport Generating Station,CO,38.320833,-104.52639,2012,Gas_SC,540,994835000.0,10597713.178,629757.708
842,Orlando Cogen LP,FL,28.442623,-81.412343,1993,Gas_CC,122,971585000.0,7335540.345,435944.713
1120,"Pastoria Energy Facility, LLC",CA,34.9556,-118.844,2005,Gas_CC,779,4041414000.0,33505208.942,1991171.23
1288,Lodi Energy Center,CA,38.088056,-121.3875,2012,Gas_CC,288,484453000.0,5065499.259,301036.417
463,Martin,FL,27.0536,-80.5628,1980,Gas_CC,6069,11444544000.0,78574021.87,4670052.302
847,Saranac Facility,NY,44.7132,-73.4557,1994,Gas_CC,285,35602000.0,318655.21900000004,18937.01
858,Hermiston Generating Plant,OR,45.8042,-119.37,1996,Gas_CC,620,2268727000.0,17452436.488,1037181.353
609,Sewell Creek Energy,GA,33.9486,-85.2769,2000,Gas_SC,570,426763000.0,4639901.166999999,275741.619
1152,Rocky Mountain Energy Center,CO,40.0908,-104.5953,2004,Gas_CC,684,3245431000.0,25871837.938,1537525.244
563,Paris (WI),WI,42.6658,-88.0131,1995,Gas_SC,380,69601000.0,907399.468,53989.864
374,John Sevier,TN,36.3767,-82.9639,1955,Gas_CC,1796,5176365000.0,35867829.357,2131601.988
1239,Hardin County Peaking Facility,TX,30.3038,-94.2526,2001,Gas_SC,172,96045000.0,1176841.821,69936.379
652,Kemper County,MS,32.7976,-88.606,2002,Gas_SC,372,237128000.0,2844636.671,169112.43
31,Dynegy Moss Landing Power Plant Hybrid,CA,36.804837,-121.782241,1967,Gas_SC,2802,5487443000.0,38567163.41,2185318.142
909,Madison,OH,39.4522,-84.4647,2000,Gas_SC,688,336247000.0,4064198.31,241521.752
643,Talbot County Energy,GA,32.5892,-84.6917,2002,Gas_SC,726,504779000.0,5623401.582,334272.254
